Route_Name,Route_Link,Bus_Name,Bus_Type,Departing_Time,Duration,Reaching_Time,Star_Rating,Price,Seat_Availability
Delhi to Shimla,https://www.redbus.in/bus-tickets/delhi-to-shimla,HRTC - 591,A/C Executive (2+3),21:00,11h 15m,08:15,4.0,INR 622,36 Seats available
Delhi to Shimla,https://www.redbus.in/bus-tickets/delhi-to-shimla,HRTC - 8,Himsuta AC Seater Volvo/Scania 2+2,21:02,09h 28m,06:30,4.4,INR 892,25 Seats available
Delhi to Shimla,https://www.redbus.in/bus-tickets/delhi-to-shimla,HRTC - 570,Ordinary 3+2 Non AC Seater,21:25,09h 20m,06:45,3.6,INR 507,37 Seats available
Delhi to Shimla,https://www.redbus.in/bus-tickets/delhi-to-shimla,HRTC - 20,Himsuta AC Seater Volvo/Scania 2+2,21:36,07h 54m,05:30,3.9,INR 867,32 Seats available
Delhi to Shimla,https://www.redbus.in/bus-tickets/delhi-to-shimla,HRTC - 518,Ordinary 3+2 Non AC Seater,21:58,09h 17m,07:15,2.5,INR 507,27 Seats available
Delhi to Shimla,https://www.redbus.in/bus-tickets/delhi-to-shimla,HRTC - 9,Himsuta AC Seater Volvo/Scania 2+2,22:00,09h 30m,07:30,4.6,INR 892,34 Seats available
Delhi to Shimla,https://www.redbus.in/bus-tickets/delhi-to-shimla,HRTC - 36,Himsuta AC Seater Volvo/Scania 2+2,22:30,08h 00m,06:30,4.1,INR 867,34 Seats available
Delhi to Shimla,https://www.redbus.in/bus-tickets/delhi-to-shimla,HRTC - 579,Ordinary 3+2 Non AC Seater,22:30,09h 45m,08:15,4.1,INR 507,27 Seats available
Delhi to Shimla,https://www.redbus.in/bus-tickets/delhi-to-shimla,HRTC - 22,Himsuta AC Seater Volvo/Scania 2+2,23:00,08h 50m,07:50,4.4,INR 892,34 Seats available
Delhi to Shimla,https://www.redbus.in/bus-tickets/delhi-to-shimla,HRTC - 564,Ordinary 3+2 Non AC Seater,23:40,09h 25m,09:05,4.7,INR 507,36 Seats available
Delhi to Shimla,https://www.redbus.in/bus-tickets/delhi-to-shimla,Bedi Travels,Volvo A/C Semi Sleeper (2+2 ),22:30,09h 30m,08:00,4.8,468,18 Seats available
Delhi to Shimla,https://www.redbus.in/bus-tickets/delhi-to-shimla,Ram Dalal Holidays,Mercedes Multi-Axle Semi Sleeper (2+2),21:50,09h 45m,07:35,4.5,INR 500,25 Seats available
Delhi to Shimla,https://www.redbus.in/bus-tickets/delhi-to-shimla,Zingbus Plus,Volvo A/C Semi Sleeper (2+2),22:05,09h 35m,07:40,4.4,437,20 Seats available
Delhi to Shimla,https://www.redbus.in/bus-tickets/delhi-to-shimla,Laxmi holidays,Scania Multi-Axle AC Semi Sleeper (2+2),23:30,08h 30m,08:00,4.3,INR 450,36 Seats available
Delhi to Shimla,https://www.redbus.in/bus-tickets/delhi-to-shimla,Ram Dalal Holidays,Volvo A/C Semi Sleeper (2+2),21:50,09h 50m,07:40,4.1,INR 500,13 Seats available
Delhi to Shimla,https://www.redbus.in/bus-tickets/delhi-to-shimla,City Land Travels,Volvo A/C Semi Sleeper (2+2),22:00,08h 00m,06:00,3.3,INR 500,25 Seats available
Delhi to Shimla,https://www.redbus.in/bus-tickets/delhi-to-shimla,City Land Travels,Volvo Multi-Axle I-Shift B11R Semi Sleeper (2+2),23:25,08h 00m,07:25,3.6,INR 500,44 Seats available
Delhi to Shimla,https://www.redbus.in/bus-tickets/delhi-to-shimla,RAO TRAVELS INDIA PVT LTD.,AC Seater (2+2),21:30,10h 00m,07:30,2.0,INR 1500,33 Seats available
Delhi to Shimla,https://www.redbus.in/bus-tickets/delhi-to-shimla,FlixBus,A/C Seater (2+2),23:55,08h 40m,08:35,2.4,INR 582,25 Seats available
Delhi to Shimla,https://www.redbus.in/bus-tickets/delhi-to-shimla,Heera Himachal Holidays,Volvo A/C Semi Sleeper (2+2),21:30,09h 00m,06:30,1.7,INR 1399,22 Seats available
Shimla to Delhi,https://www.redbus.in/bus-tickets/shimla-to-delhi,HRTC - 3,Himsuta AC Seater Volvo/Scania 2+2,21:00,09h 00m,06:00,4.4,INR 892,19 Seats available
Shimla to Delhi,https://www.redbus.in/bus-tickets/shimla-to-delhi,HRTC - 108,A/C Executive (2+3),21:20,09h 32m,06:52,3.3,INR 622,44 Seats available
Shimla to Delhi,https://www.redbus.in/bus-tickets/shimla-to-delhi,HRTC - 19,Himsuta AC Seater Volvo/Scania 2+2,21:30,08h 30m,06:00,4.2,INR 892,22 Seats available
Shimla to Delhi,https://www.redbus.in/bus-tickets/shimla-to-delhi,HRTC - 1712,Ordinary 3+2 Non AC Seater,21:30,08h 30m,06:00,4.2,INR 507,25 Seats available
Shimla to Delhi,https://www.redbus.in/bus-tickets/shimla-to-delhi,HRTC - 130,Ordinary 3+2 Non AC Seater,21:45,08h 30m,06:15,4.5,INR 507,36 Seats available
Shimla to Delhi,https://www.redbus.in/bus-tickets/shimla-to-delhi,Bedi Travels,Volvo A/C Semi Sleeper (2+2 ),21:30,08h 00m,05:30,4.7,468,17 Seats available
Shimla to Delhi,https://www.redbus.in/bus-tickets/shimla-to-delhi,Ram Dalal Holidays,Mercedes Multi-Axle Semi Sleeper (2+2),21:55,08h 40m,06:35,4.4,INR 500,34 Seats available
Shimla to Delhi,https://www.redbus.in/bus-tickets/shimla-to-delhi,Laxmi holidays,Scania Multi-Axle AC Semi Sleeper (2+2),20:30,08h 00m,04:30,4.3,INR 400,24 Seats available
Shimla to Delhi,https://www.redbus.in/bus-tickets/shimla-to-delhi,Zingbus Plus,Volvo A/C Semi Sleeper (2+2),20:30,08h 05m,04:35,4.3,433,19 Seats available
Shimla to Delhi,https://www.redbus.in/bus-tickets/shimla-to-delhi,Ram Dalal Holidays,Volvo A/C Semi Sleeper (2+2),22:00,07h 30m,05:30,4.2,INR 500,21 Seats available
Shimla to Delhi,https://www.redbus.in/bus-tickets/shimla-to-delhi,FlixBus,A/C Seater (2+2),20:00,09h 00m,05:00,4.3,INR 582,24 Seats available
Shimla to Delhi,https://www.redbus.in/bus-tickets/shimla-to-delhi,City Land Travels,Volvo A/C Semi Sleeper (2+2),22:30,07h 00m,05:30,3.9,INR 500,21 Seats available
Shimla to Delhi,https://www.redbus.in/bus-tickets/shimla-to-delhi,City Land Travels,Volvo A/C Semi Sleeper (2+2),22:00,07h 00m,05:00,3.8,INR 500,25 Seats available
Shimla to Delhi,https://www.redbus.in/bus-tickets/shimla-to-delhi,City Land Travels,Volvo A/C Semi Sleeper (2+2),23:00,08h 00m,07:00,3.4,INR 488,25 Seats available
Manali to Chandigarh,https://www.redbus.in/bus-tickets/manali-to-chandigarh,HRTC - 732,Himsuta AC Seater Volvo/Scania 2+2,21:00,07h 20m,04:20,3.8,INR 920,34 Seats available
Manali to Chandigarh,https://www.redbus.in/bus-tickets/manali-to-chandigarh,HRTC - 701,Ordinary 3+2 Non AC Seater,21:30,08h 00m,05:30,3.9,INR 560,37 Seats available
Manali to Chandigarh,https://www.redbus.in/bus-tickets/manali-to-chandigarh,HRTC - 713,Himsuta AC Seater Volvo/Scania 2+2,22:00,08h 00m,06:00,3.7,INR 920,32 Seats available
Manali to Chandigarh,https://www.redbus.in/bus-tickets/manali-to-chandigarh,HRTC - 65,Himsuta AC Seater Volvo/Scania 2+2,22:30,07h 00m,05:30,3.8,INR 938,34 Seats available
Manali to Chandigarh,https://www.redbus.in/bus-tickets/manali-to-chandigarh,Laxmi holidays,Volvo 9600 A/C Semi Sleeper (2+2),21:00,06h 10m,03:10,4.8,INR 500,29 Seats available
Manali to Chandigarh,https://www.redbus.in/bus-tickets/manali-to-chandigarh,Laxmi holidays,Volvo 9600 A/C Semi Sleeper (2+2),22:00,05h 30m,03:30,4.6,INR 500,33 Seats available
Manali to Chandigarh,https://www.redbus.in/bus-tickets/manali-to-chandigarh,Himgiri Adventure Tour,Bharat Benz A/C Semi Sleeper (2+2),20:00,07h 30m,03:30,2.5,INR 599,27 Seats available
Manali to Chandigarh,https://www.redbus.in/bus-tickets/manali-to-chandigarh,IntrCity SmartBus,Volvo A/C Semi Sleeper (2+2),19:55,06h 10m,02:05,3.4,INR 664,40 Seats available
Manali to Chandigarh,https://www.redbus.in/bus-tickets/manali-to-chandigarh,Reo India Travels,Volvo A/C B11R Multi Axle Semi Sleeper (2+2),19:55,06h 50m,02:45,3.9,INR 400,29 Seats available
Manali to Chandigarh,https://www.redbus.in/bus-tickets/manali-to-chandigarh,Zingbus Plus,Volvo 9600 A/C Semi Sleeper (2+2),21:00,06h 25m,03:25,4.1,395,33 Seats available
Manali to Chandigarh,https://www.redbus.in/bus-tickets/manali-to-chandigarh,FlixBus,A/C Seater (2+2),20:30,07h 00m,03:30,4.0,INR 230,36 Seats available
Manali to Chandigarh,https://www.redbus.in/bus-tickets/manali-to-chandigarh,City Land Travels,Volvo A/C Semi Sleeper (2+2),22:35,06h 25m,05:00,2.5,540,24 Seats available
Manali to Chandigarh,https://www.redbus.in/bus-tickets/manali-to-chandigarh,Zingbus Plus,Scania Multi-Axle AC Semi Sleeper (2+2),19:35,06h 20m,01:55,4.3,764,35 Seats available
Manali to Chandigarh,https://www.redbus.in/bus-tickets/manali-to-chandigarh,Malana Travels,Volvo 9600 Multi Axle Semi-Sleeper (2+2),20:00,07h 00m,03:00,4.3,617,38 Seats available
Manali to Chandigarh,https://www.redbus.in/bus-tickets/manali-to-chandigarh,Reo India Travels,Volvo A/C Semi Sleeper (2+2),19:35,06h 45m,02:20,3.9,INR 400,23 Seats available
Manali to Chandigarh,https://www.redbus.in/bus-tickets/manali-to-chandigarh,Reo India Travels,Volvo A/C Semi Sleeper (2+2),19:40,06h 04m,01:44,3.9,INR 400,20 Seats available
Manali to Chandigarh,https://www.redbus.in/bus-tickets/manali-to-chandigarh,SPEED BUS,Volvo A/C B11R Multi Axle Semi Sleeper (2+2),21:00,07h 30m,04:30,3.7,1756,49 Seats available
Manali to Chandigarh,https://www.redbus.in/bus-tickets/manali-to-chandigarh,Golden Temple Volvo Bus Service,Bharat Benz A/C Semi Sleeper (2+2),20:05,07h 15m,03:20,3.0,1157,35 Seats available
Manali to Chandigarh,https://www.redbus.in/bus-tickets/manali-to-chandigarh,ROYAL SAFARI INDIA TRAVELS,Bharat Benz A/C Semi Sleeper (2+2),21:00,08h 00m,05:00,2.4,1619,29 Seats available
Manali to Chandigarh,https://www.redbus.in/bus-tickets/manali-to-chandigarh,Snow Line Holidays Manali,A/C Seater (2+2),19:45,09h 00m,04:45,0,INR 3000,45 Seats available
Chandigarh to Manali,https://www.redbus.in/bus-tickets/chandigarh-to-manali,HRTC - 1544,Ordinary 3+2 Non AC Seater,21:40,10h 10m,07:50,3.9,INR 575,27 Seats available
Chandigarh to Manali,https://www.redbus.in/bus-tickets/chandigarh-to-manali,HRTC - 1522,Himsuta AC Seater Volvo/Scania 2+2,22:00,08h 30m,06:30,4.9,INR 920,29 Seats available
Chandigarh to Manali,https://www.redbus.in/bus-tickets/chandigarh-to-manali,Laxmi holidays,Volvo 9600 A/C Semi Sleeper (2+2),22:50,06h 40m,05:30,4.7,INR 699,1 Seat available
Chandigarh to Manali,https://www.redbus.in/bus-tickets/chandigarh-to-manali,GLOBAL HOLIDAYS ADVENTURE TOURS,A/C Semi Sleeper (2+2),22:25,08h 35m,07:00,3.5,463,26 Seats available
Chandigarh to Manali,https://www.redbus.in/bus-tickets/chandigarh-to-manali,GLOBAL HOLIDAYS ADVENTURE TOURS,A/C Semi Sleeper (2+2),22:35,08h 35m,07:10,3.0,509,25 Seats available
Chandigarh to Manali,https://www.redbus.in/bus-tickets/chandigarh-to-manali,Abtc Tour and Travels,Bharat Benz A/C Semi Sleeper (2+2),01:00,06h 00m,07:00,3.4,980,14 Seats available
Chandigarh to Manali,https://www.redbus.in/bus-tickets/chandigarh-to-manali,SWAGATAM TOUR HOLIDAY,Volvo AC Seater (2+2),23:59,07h 01m,07:00,2.5,INR 1099,26 Seats available
Chandigarh to Manali,https://www.redbus.in/bus-tickets/chandigarh-to-manali,Travel Zap India Pvt LTD.,Volvo Multi-Axle A/C (2+2),23:24,07h 06m,06:30,2.4,INR 1456,46 Seats available
Chandigarh to Manali,https://www.redbus.in/bus-tickets/chandigarh-to-manali,Subh Yatri Holidays,Volvo A/C Semi Sleeper (2+2),23:45,05h 45m,05:30,4.0,INR 1099,31 Seats available
Chandigarh to Manali,https://www.redbus.in/bus-tickets/chandigarh-to-manali,Rao Travel Heights,Volvo A/C Semi Sleeper (2+2),23:40,07h 20m,07:00,3.5,INR 1649,41 Seats available
Chandigarh to Manali,https://www.redbus.in/bus-tickets/chandigarh-to-manali,Subh Yatri Holidays,Volvo A/C Semi Sleeper (2+2),23:45,08h 15m,08:00,3.5,INR 899,29 Seats available
Chandigarh to Manali,https://www.redbus.in/bus-tickets/chandigarh-to-manali,HIMALAYAN HOLIDAYS,Volvo A/C Semi Sleeper (2+2 ),23:59,07h 01m,07:00,3.3,INR 1399,1 Seat available
Chandigarh to Manali,https://www.redbus.in/bus-tickets/chandigarh-to-manali,Abtc Tour and Travels,Bharat Benz A/C Semi Sleeper (2+2),23:55,07h 05m,07:00,2.9,980,14 Seats available
Chandigarh to Manali,https://www.redbus.in/bus-tickets/chandigarh-to-manali,PAL Travel Lines,Volvo A/C Semi Sleeper (2+2),23:45,08h 40m,08:25,2.6,584,32 Seats available
Chandigarh to Manali,https://www.redbus.in/bus-tickets/chandigarh-to-manali,ABHI TRAVELS,Volvo Multi-Axle I-Shift B11R Semi Sleeper (2+2),23:58,06h 32m,06:30,2.5,INR 699,39 Seats available
Chandigarh to Manali,https://www.redbus.in/bus-tickets/chandigarh-to-manali,Yatrabybus.com,Bharat Benz A/C Semi Sleeper (2+2),22:20,06h 40m,05:00,0,INR 1199,49 Seats available
Chandigarh to Manali,https://www.redbus.in/bus-tickets/chandigarh-to-manali,Snow Line Holidays Manali,A/C Seater (2+2),20:00,12h 00m,08:00,0,INR 3000,45 Seats available
Chandigarh to Manali,https://www.redbus.in/bus-tickets/chandigarh-to-manali,Snow Line Holidays Manali,A/C Seater (2+2),22:35,08h 35m,07:10,0,INR 3000,45 Seats available
Delhi to Manali,https://www.redbus.in/bus-tickets/delhi-to-manali,HRTC - 567,Himsuta AC Seater Volvo/Scania 2+2,21:03,12h 57m,10:00,4.4,INR 1428,26 Seats available
Delhi to Manali,https://www.redbus.in/bus-tickets/delhi-to-manali,HRTC - 574,Ordinary 3+2 Non AC Seater,21:14,11h 16m,08:30,4.3,INR 809,35 Seats available
Delhi to Manali,https://www.redbus.in/bus-tickets/delhi-to-manali,HRTC - 214002,Himsuta AC Seater Volvo/Scania 2+2,21:27,12h 03m,09:30,3.8,INR 1428,34 Seats available
Delhi to Manali,https://www.redbus.in/bus-tickets/delhi-to-manali,HRTC - 600,Himsuta AC Seater Volvo/Scania 2+2,21:50,13h 00m,10:50,3.7,INR 1446,26 Seats available
Delhi to Manali,https://www.redbus.in/bus-tickets/delhi-to-manali,HRTC - 583,Ordinary 3+2 Non AC Seater,22:02,12h 58m,11:00,3.1,INR 820,35 Seats available
Delhi to Manali,https://www.redbus.in/bus-tickets/delhi-to-manali,Zingbus Plus,Volvo 9600 A/C Semi Sleeper (2+2),21:00,11h 40m,08:40,4.8,467,20 Seats available
Delhi to Manali,https://www.redbus.in/bus-tickets/delhi-to-manali,Laxmi holidays,Volvo 9600 A/C Semi Sleeper (2+2),23:00,12h 00m,11:00,4.6,INR 599,16 Seats available
Delhi to Manali,https://www.redbus.in/bus-tickets/delhi-to-manali,Zingbus Plus,Volvo 9600 A/C Semi Sleeper (2+2),22:15,11h 25m,09:40,4.6,501,26 Seats available
Delhi to Manali,https://www.redbus.in/bus-tickets/delhi-to-manali,AdIntrCity SmartBus,Volvo A/C Semi Sleeper (2+2),20:30,12h 20m,08:50,4.6,INR 662,4 Seats available
Delhi to Manali,https://www.redbus.in/bus-tickets/delhi-to-manali,Laxmi holidays,Volvo 9600 A/C Semi Sleeper (2+2),20:00,12h 00m,08:00,4.5,INR 599,12 Seats available
Delhi to Manali,https://www.redbus.in/bus-tickets/delhi-to-manali,Zingbus Plus,Volvo 9600 A/C Semi Sleeper (2+2),23:15,12h 00m,11:15,4.4,467,25 Seats available
Delhi to Manali,https://www.redbus.in/bus-tickets/delhi-to-manali,Rao Travel Heights,Volvo A/C Semi Sleeper (2+2),19:45,11h 15m,07:00,4.3,INR 1649,29 Seats available
Delhi to Manali,https://www.redbus.in/bus-tickets/delhi-to-manali,ABHI TRAVELS,Volvo Multi-Axle I-Shift B11R Semi Sleeper (2+2),20:00,10h 30m,06:30,4.0,INR 699,17 Seats available
Delhi to Manali,https://www.redbus.in/bus-tickets/delhi-to-manali,FlixBus,A/C Seater (2+2),21:30,12h 45m,10:15,4.0,INR 532,32 Seats available
Delhi to Manali,https://www.redbus.in/bus-tickets/delhi-to-manali,JN HOLIDAYS,Volvo Multi-Axle I-Shift B11R Semi Sleeper (2+2),20:10,10h 50m,07:00,4.0,INR 899,49 Seats available
Delhi to Manali,https://www.redbus.in/bus-tickets/delhi-to-manali,IntrCity SmartBus,Volvo 9600 A/C Semi Sleeper (2+2),20:30,10h 50m,07:20,4.7,INR 619,2 Seats available
Delhi to Manali,https://www.redbus.in/bus-tickets/delhi-to-manali,Deltin Travels,Volvo 9600 A/C Semi Sleeper (2+2),21:50,11h 20m,09:10,4.6,INR 500,6 Seats available
Delhi to Manali,https://www.redbus.in/bus-tickets/delhi-to-manali,Zingbus Plus,Scania A/C Semi Sleeper (2+2),20:00,11h 45m,07:45,4.6,449,10 Seats available
Delhi to Manali,https://www.redbus.in/bus-tickets/delhi-to-manali,G.T.SHolidays,Bharat Benz A/C Semi Sleeper (2+2),20:00,11h 30m,07:30,3.3,INR 649,29 Seats available
Delhi to Manali,https://www.redbus.in/bus-tickets/delhi-to-manali,SPEED BUS,Volvo A/C B11R Multi Axle Semi Sleeper (2+2),20:00,12h 00m,08:00,3.7,600,49 Seats available
Delhi to Manali,https://www.redbus.in/bus-tickets/delhi-to-manali,Holiday Appeal Private Limited,Volvo A/C Semi Sleeper (2+2),22:00,11h 00m,09:00,3.7,759,36 Seats available
Delhi to Manali,https://www.redbus.in/bus-tickets/delhi-to-manali,Travel hub,Volvo A/C Semi Sleeper (2+2),19:45,11h 30m,07:15,3.1,INR 869,32 Seats available
Delhi to Manali,https://www.redbus.in/bus-tickets/delhi-to-manali,PAL Travel Lines,Volvo A/C Semi Sleeper (2+2),19:45,12h 40m,08:25,3.5,584,32 Seats available
Delhi to Manali,https://www.redbus.in/bus-tickets/delhi-to-manali,PAL Travel Lines,Volvo A/C Semi Sleeper (2+2),21:30,11h 00m,08:30,3.1,944,35 Seats available
Delhi to Manali,https://www.redbus.in/bus-tickets/delhi-to-manali,Travel Zap India Pvt LTD.,Volvo Multi-Axle A/C (2+2),19:50,10h 40m,06:30,3.8,INR 1456,46 Seats available
Delhi to Manali,https://www.redbus.in/bus-tickets/delhi-to-manali,ROYAL SAFARI INDIA TRAVELS,Bharat Benz A/C Semi Sleeper (2+2),21:00,11h 30m,08:30,3.6,1259,28 Seats available
Delhi to Manali,https://www.redbus.in/bus-tickets/delhi-to-manali,Shree Balaji Travels,Volvo A/C Semi Sleeper (2+2),19:55,10h 55m,06:50,3.3,INR 1699,32 Seats available
Delhi to Manali,https://www.redbus.in/bus-tickets/delhi-to-manali,Subh Yatri Holidays,Volvo A/C Semi Sleeper (2+2),21:00,11h 15m,08:15,3.7,INR 1199,41 Seats available
Delhi to Manali,https://www.redbus.in/bus-tickets/delhi-to-manali,Shree Balaji Travels,Volvo A/C Semi Sleeper (2+2),20:00,13h 30m,09:30,3.4,INR 1699,20 Seats available
Delhi to Manali,https://www.redbus.in/bus-tickets/delhi-to-manali,Subh Yatri Holidays,Volvo A/C Semi Sleeper (2+2),22:00,11h 30m,09:30,3.8,INR 1199,41 Seats available
Delhi to Manali,https://www.redbus.in/bus-tickets/delhi-to-manali,Subh Yatri Holidays,Volvo A/C Semi Sleeper (2+2),21:00,12h 00m,09:00,3.9,INR 1199,35 Seats available
Delhi to Manali,https://www.redbus.in/bus-tickets/delhi-to-manali,Subh Yatri Holidays,Volvo A/C Semi Sleeper (2+2),19:45,11h 05m,06:50,3.9,INR 1099,29 Seats available
Delhi to Manali,https://www.redbus.in/bus-tickets/delhi-to-manali,PAL Travel Lines,Scania A/C Semi Sleeper (2+2),20:05,13h 40m,09:45,3.2,764,31 Seats available
Delhi to Manali,https://www.redbus.in/bus-tickets/delhi-to-manali,G.T.SHolidays,Bharat Benz A/C Semi Sleeper (2+2),20:30,12h 00m,08:30,3.2,INR 549,30 Seats available
Delhi to Manali,https://www.redbus.in/bus-tickets/delhi-to-manali,SIDDHI VINAYAK TRAVELS,Volvo A/C B11R Multi Axle Semi Sleeper (2+2),19:50,13h 10m,09:00,2.5,INR 499,41 Seats available
Delhi to Manali,https://www.redbus.in/bus-tickets/delhi-to-manali,Travel hub,Volvo A/C Semi Sleeper (2+2),20:45,15h 45m,12:30,2.7,INR 869,21 Seats available
Delhi to Manali,https://www.redbus.in/bus-tickets/delhi-to-manali,RAO TRAVELS INDIA PVT LTD.,Mercedes Benz A/C (2+2),20:00,11h 00m,07:00,1.1,INR 999,53 Seats available
Delhi to Manali,https://www.redbus.in/bus-tickets/delhi-to-manali,RAO TRAVELS INDIA PVT LTD.,Mercedes Benz A/C (2+2),20:00,13h 30m,09:30,2.6,INR 1250,47 Seats available
Delhi to Manali,https://www.redbus.in/bus-tickets/delhi-to-manali,SIDDHI VINAYAK TRAVELS,Volvo A/C Semi Sleeper (2+2),20:55,13h 35m,10:30,2.5,759,45 Seats available
Delhi to Manali,https://www.redbus.in/bus-tickets/delhi-to-manali,VT Bus,Scania Multi-Axle AC Semi Sleeper (2+2),21:00,11h 00m,08:00,2.8,INR 890,49 Seats available
Delhi to Manali,https://www.redbus.in/bus-tickets/delhi-to-manali,Sonu Nath Bus Service,VE A/C Semi Sleeper (2+2),20:00,13h 45m,09:45,0,INR 2500,49 Seats available
Delhi to Manali,https://www.redbus.in/bus-tickets/delhi-to-manali,VT Bus,Scania Multi-Axle AC Semi Sleeper (2+2),20:00,11h 00m,07:00,0,INR 890,39 Seats available
Delhi to Manali,https://www.redbus.in/bus-tickets/delhi-to-manali,SWAGATAM TOUR HOLIDAY,Volvo AC Seater (2+2),19:45,11h 15m,07:00,0,INR 1099,26 Seats available
Delhi to Manali,https://www.redbus.in/bus-tickets/delhi-to-manali,Aarohi Travels,VE A/C Seater (2+2),21:00,13h 00m,10:00,0,INR 1999,49 Seats available
Delhi to Manali,https://www.redbus.in/bus-tickets/delhi-to-manali,Subham Travels,A/C Seater (2+2),20:00,12h 00m,08:00,0,INR 4500,45 Seats available
Delhi to Manali,https://www.redbus.in/bus-tickets/delhi-to-manali,Cab India Travels,Volvo A/C Semi Sleeper (2+2),19:45,12h 45m,08:30,0,INR 849,10 Seats available
Hamirpur (Himachal Pradesh) to Chandigarh,https://www.redbus.in/bus-tickets/hamirpur-himachal-pradesh-to-chandigarh,HRTC - 99,Himsuta AC Seater Volvo/Scania 2+2,21:00,05h 00m,02:00,3.9,INR 615,15 Seats available
Hamirpur (Himachal Pradesh) to Chandigarh,https://www.redbus.in/bus-tickets/hamirpur-himachal-pradesh-to-chandigarh,Laxmi holidays,Volvo A/C Semi Sleeper (2+2),20:20,04h 55m,01:15,4.4,INR 699,4 Seats available
Hamirpur (Himachal Pradesh) to Chandigarh,https://www.redbus.in/bus-tickets/hamirpur-himachal-pradesh-to-chandigarh,Ram Dalal Holidays,Volvo A/C Semi Sleeper (2+2),21:40,04h 25m,02:05,4.7,INR 700,12 Seats available
Delhi to Hamirpur (Himachal Pradesh),https://www.redbus.in/bus-tickets/delhi-to-hamirpur-himachal-pradesh,HRTC - 98,Himsuta AC Seater Volvo/Scania 2+2,20:42,09h 48m,06:30,4.3,INR 1118,17 Seats available
Delhi to Hamirpur (Himachal Pradesh),https://www.redbus.in/bus-tickets/delhi-to-hamirpur-himachal-pradesh,HRTC - 566,Ordinary 3+2 Non AC Seater,21:10,10h 20m,07:30,4.0,INR 574,30 Seats available
Delhi to Hamirpur (Himachal Pradesh),https://www.redbus.in/bus-tickets/delhi-to-hamirpur-himachal-pradesh,HRTC - 16,Himsuta AC Seater Volvo/Scania 2+2,21:20,08h 30m,05:50,4.2,INR 1008,3 Seats available
Delhi to Hamirpur (Himachal Pradesh),https://www.redbus.in/bus-tickets/delhi-to-hamirpur-himachal-pradesh,HRTC - 571,Ordinary 3+2 Non AC Seater,21:40,10h 10m,07:50,4.4,INR 604,31 Seats available
Delhi to Hamirpur (Himachal Pradesh),https://www.redbus.in/bus-tickets/delhi-to-hamirpur-himachal-pradesh,HRTC - 82,Himsuta AC Seater Volvo/Scania 2+2,21:55,09h 45m,07:40,4.1,INR 1093,26 Seats available
Delhi to Hamirpur (Himachal Pradesh),https://www.redbus.in/bus-tickets/delhi-to-hamirpur-himachal-pradesh,Ram Dalal Holidays,Volvo A/C Semi Sleeper (2+2),21:20,08h 35m,05:55,4.6,INR 1030,5 Seats available
Delhi to Hamirpur (Himachal Pradesh),https://www.redbus.in/bus-tickets/delhi-to-hamirpur-himachal-pradesh,Zingbus Plus,Volvo Multi-Axle A/C Semisleeper (2+2),22:05,10h 15m,08:20,4.3,944,27 Seats available
Delhi to Hamirpur (Himachal Pradesh),https://www.redbus.in/bus-tickets/delhi-to-hamirpur-himachal-pradesh,Everest Holidays,Volvo A/C Semi Sleeper (2+2),21:40,10h 00m,07:40,3.5,719,29 Seats available
Delhi to Chandigarh,https://www.redbus.in/bus-tickets/delhi-to-chandigarh,HRTC - 98,Himsuta AC Seater Volvo/Scania 2+2,20:42,05h 38m,02:20,3.9,INR 523,29 Seats available
Delhi to Chandigarh,https://www.redbus.in/bus-tickets/delhi-to-chandigarh,HRTC - 26,Himsuta AC Seater Volvo/Scania 2+2,20:50,05h 20m,02:10,3.9,INR 533,34 Seats available
Delhi to Chandigarh,https://www.redbus.in/bus-tickets/delhi-to-chandigarh,HRTC - 563,Ordinary 3+2 Non AC Seater,20:50,05h 25m,02:15,3.9,INR 270,37 Seats available
Delhi to Chandigarh,https://www.redbus.in/bus-tickets/delhi-to-chandigarh,HRTC - 591,A/C Executive (2+3),21:00,06h 00m,03:00,3.9,INR 385,42 Seats available
Delhi to Chandigarh,https://www.redbus.in/bus-tickets/delhi-to-chandigarh,HRTC - 567,Himsuta AC Seater Volvo/Scania 2+2,21:03,05h 27m,02:30,3.9,INR 513,34 Seats available
Delhi to Chandigarh,https://www.redbus.in/bus-tickets/delhi-to-chandigarh,HRTC - 574,Ordinary 3+2 Non AC Seater,21:14,04h 36m,01:50,3.9,INR 270,34 Seats available
Delhi to Chandigarh,https://www.redbus.in/bus-tickets/delhi-to-chandigarh,HRTC - 570,Ordinary 3+2 Non AC Seater,21:25,05h 25m,02:50,3.9,INR 280,37 Seats available
Delhi to Chandigarh,https://www.redbus.in/bus-tickets/delhi-to-chandigarh,HRTC - 214002,Himsuta AC Seater Volvo/Scania 2+2,21:27,04h 43m,02:10,3.9,INR 513,34 Seats available
Delhi to Chandigarh,https://www.redbus.in/bus-tickets/delhi-to-chandigarh,HRTC - 568,Ordinary 3+2 Non AC Seater,21:30,06h 35m,04:05,3.9,INR 285,38 Seats available
Delhi to Chandigarh,https://www.redbus.in/bus-tickets/delhi-to-chandigarh,HRTC - 577,A/C Executive (2+3),21:40,05h 00m,02:40,5.0,INR 375,42 Seats available
Delhi to Chandigarh,https://www.redbus.in/bus-tickets/delhi-to-chandigarh,HRTC - 571,Ordinary 3+2 Non AC Seater,21:40,04h 50m,02:30,3.9,INR 280,34 Seats available
Delhi to Chandigarh,https://www.redbus.in/bus-tickets/delhi-to-chandigarh,HRTC - 600,Himsuta AC Seater Volvo/Scania 2+2,21:50,06h 10m,04:00,3.9,INR 513,31 Seats available
Delhi to Chandigarh,https://www.redbus.in/bus-tickets/delhi-to-chandigarh,HRTC - 575,A/C Executive (2+3),21:59,05h 06m,03:05,3.9,INR 380,46 Seats available
Delhi to Chandigarh,https://www.redbus.in/bus-tickets/delhi-to-chandigarh,HRTC - 583,Ordinary 3+2 Non AC Seater,22:02,05h 38m,03:40,3.9,INR 270,37 Seats available
Delhi to Chandigarh,https://www.redbus.in/bus-tickets/delhi-to-chandigarh,HRTC - 584,Ordinary 3+2 Non AC Seater,22:05,02h 45m,00:50,3.9,INR 280,35 Seats available
Delhi to Chandigarh,https://www.redbus.in/bus-tickets/delhi-to-chandigarh,HRTC - 578,Ordinary 3+2 Non AC Seater,22:10,05h 30m,03:40,2.5,INR 285,37 Seats available
Delhi to Chandigarh,https://www.redbus.in/bus-tickets/delhi-to-chandigarh,HRTC - 77,Himsuta AC Seater Volvo/Scania 2+2,22:15,04h 40m,02:55,3.9,INR 528,28 Seats available
Delhi to Chandigarh,https://www.redbus.in/bus-tickets/delhi-to-chandigarh,HRTC - 580,Ordinary 3+2 Non AC Seater,22:45,05h 05m,03:50,3.9,INR 270,36 Seats available
Delhi to Chandigarh,https://www.redbus.in/bus-tickets/delhi-to-chandigarh,HRTC - 22,Himsuta AC Seater Volvo/Scania 2+2,23:00,05h 30m,04:30,3.9,INR 523,32 Seats available
Delhi to Chandigarh,https://www.redbus.in/bus-tickets/delhi-to-chandigarh,HRTC - 582,Ordinary 3+2 Non AC Seater,23:05,05h 35m,04:40,4.4,INR 280,37 Seats available
Delhi to Chandigarh,https://www.redbus.in/bus-tickets/delhi-to-chandigarh,HRTC - 576,Himsuta AC Seater Volvo/Scania 2+2,23:20,05h 10m,04:30,4.1,INR 528,17 Seats available
Delhi to Chandigarh,https://www.redbus.in/bus-tickets/delhi-to-chandigarh,HRTC - 60,Himsuta AC Seater Volvo/Scania 2+2,23:40,05h 00m,04:40,4.0,INR 523,32 Seats available
Delhi to Chandigarh,https://www.redbus.in/bus-tickets/delhi-to-chandigarh,HRTC - 564,Ordinary 3+2 Non AC Seater,23:40,06h 00m,05:40,3.9,INR 285,37 Seats available
Delhi to Chandigarh,https://www.redbus.in/bus-tickets/delhi-to-chandigarh,IntrCity SmartBus,VE A/C Seater / Sleeper (2+1),19:40,05h 20m,01:00,4.6,INR 476,5 Seats available
Delhi to Chandigarh,https://www.redbus.in/bus-tickets/delhi-to-chandigarh,Lavish Travels,A/C Seater / Sleeper (2+2),19:40,05h 20m,01:00,3.5,467,32 Seats available
Delhi to Chandigarh,https://www.redbus.in/bus-tickets/delhi-to-chandigarh,FlixBus,A/C Seater (2+2),19:45,06h 00m,01:45,4.0,INR 509,26 Seats available
Delhi to Chandigarh,https://www.redbus.in/bus-tickets/delhi-to-chandigarh,City Land Travels,Volvo A/C Semi Sleeper (2+2),19:55,04h 45m,00:40,4.4,540,13 Seats available
Delhi to Chandigarh,https://www.redbus.in/bus-tickets/delhi-to-chandigarh,SPEED BUS,Volvo A/C B11R Multi Axle Semi Sleeper (2+2),20:00,05h 00m,01:00,3.1,600,49 Seats available
Delhi to Chandigarh,https://www.redbus.in/bus-tickets/delhi-to-chandigarh,Laxmi holidays,Volvo A/C Semi Sleeper (2+2),20:00,05h 30m,01:30,4.8,INR 599,8 Seats available
Delhi to Chandigarh,https://www.redbus.in/bus-tickets/delhi-to-chandigarh,New Himalaya Travels,Volvo A/C Semi Sleeper (2+2),20:00,05h 00m,01:00,3.8,INR 630,7 Seats available
Delhi to Chandigarh,https://www.redbus.in/bus-tickets/delhi-to-chandigarh,Gola Bus Service,VE A/C Seater / Sleeper (2+1),20:00,06h 05m,02:05,4.5,INR 399,25 Seats available
Delhi to Chandigarh,https://www.redbus.in/bus-tickets/delhi-to-chandigarh,Laxmi holidays,Volvo Multi-Axle A/C Semi Sleeper (2+2),20:00,05h 00m,01:00,4.7,INR 500,20 Seats available
Delhi to Chandigarh,https://www.redbus.in/bus-tickets/delhi-to-chandigarh,Northern Travels,Volvo A/C Semi Sleeper (2+2),20:00,05h 20m,01:20,3.1,INR 510,14 Seats available
Delhi to Chandigarh,https://www.redbus.in/bus-tickets/delhi-to-chandigarh,Laxmi holidays,Volvo 9600 A/C Semi Sleeper (2+2),20:00,05h 40m,01:40,3.5,INR 499,16 Seats available
Delhi to Chandigarh,https://www.redbus.in/bus-tickets/delhi-to-chandigarh,Zingbus Plus,Volvo A/C Semi Sleeper (2+2),20:05,05h 00m,01:05,4.8,359,9 Seats available
Delhi to Chandigarh,https://www.redbus.in/bus-tickets/delhi-to-chandigarh,Bharmani Travels,Volvo A/C Semi Sleeper (2+2),20:15,04h 55m,01:10,4.0,600,36 Seats available
Delhi to Chandigarh,https://www.redbus.in/bus-tickets/delhi-to-chandigarh,Zingbus Plus,Scania A/C Semi Sleeper (2+2),20:30,05h 00m,01:30,4.3,359,12 Seats available
Delhi to Chandigarh,https://www.redbus.in/bus-tickets/delhi-to-chandigarh,IntrCity SmartBus,Volvo 9600 A/C Semi Sleeper (2+2),20:30,05h 15m,01:45,4.9,INR 499,4 Seats available
Delhi to Chandigarh,https://www.redbus.in/bus-tickets/delhi-to-chandigarh,Bedi Travels,Volvo 9600 Multi Axle Semi-Sleeper (2+2),21:00,04h 45m,01:45,5.0,630,17 Seats available
Delhi to Chandigarh,https://www.redbus.in/bus-tickets/delhi-to-chandigarh,Laxmi holidays,Volvo 9600 A/C Semi Sleeper (2+2),21:00,04h 55m,01:55,4.9,INR 500,23 Seats available
Delhi to Chandigarh,https://www.redbus.in/bus-tickets/delhi-to-chandigarh,Laxmi holidays,Bharat Benz A/C Seater /Sleeper (2+1),21:00,05h 30m,02:30,3.1,INR 549,28 Seats available
Delhi to Chandigarh,https://www.redbus.in/bus-tickets/delhi-to-chandigarh,IntrCity SmartBus,A/C Seater / Sleeper (2+1),21:10,05h 15m,02:25,4.5,INR 529,10 Seats available
Delhi to Chandigarh,https://www.redbus.in/bus-tickets/delhi-to-chandigarh,New Himalaya Travels,Volvo A/C Semi Sleeper (2+2),21:15,04h 05m,01:20,4.4,INR 500,25 Seats available
Delhi to Chandigarh,https://www.redbus.in/bus-tickets/delhi-to-chandigarh,Zingbus Plus,Volvo 9600 A/C Semi Sleeper (2+2),21:25,04h 25m,01:50,5.0,270,20 Seats available
Delhi to Chandigarh,https://www.redbus.in/bus-tickets/delhi-to-chandigarh,FlixBus,A/C Seater (2+2),21:30,06h 20m,03:50,5.0,INR 342,32 Seats available
Delhi to Chandigarh,https://www.redbus.in/bus-tickets/delhi-to-chandigarh,Ram Dalal Holidays,Volvo 9600 Multi Axle Semi-Sleeper (2+2),21:45,04h 30m,02:15,5.0,INR 650,21 Seats available
Delhi to Chandigarh,https://www.redbus.in/bus-tickets/delhi-to-chandigarh,BSS COOL COOL TRAVELS,A/C Seater / Sleeper (2+2),21:45,05h 45m,03:30,4.1,INR 649,30 Seats available
Delhi to Chandigarh,https://www.redbus.in/bus-tickets/delhi-to-chandigarh,Bedi Travels,Volvo A/C Semi Sleeper (2+2 ),21:45,04h 45m,02:30,5.0,585,10 Seats available
Delhi to Chandigarh,https://www.redbus.in/bus-tickets/delhi-to-chandigarh,IntrCity SmartBus,Bharat Benz A/C Seater /Sleeper (2+1),21:50,05h 45m,03:35,4.6,INR 349,17 Seats available
Delhi to Chandigarh,https://www.redbus.in/bus-tickets/delhi-to-chandigarh,Ram Dalal Holidays,Volvo A/C Semi Sleeper (2+2),21:50,06h 55m,04:45,4.4,INR 500,12 Seats available
Delhi to Chandigarh,https://www.redbus.in/bus-tickets/delhi-to-chandigarh,Deltin Travels,Volvo 9600 A/C Semi Sleeper (2+2),21:50,04h 40m,02:30,4.6,INR 500,6 Seats available
Delhi to Chandigarh,https://www.redbus.in/bus-tickets/delhi-to-chandigarh,Ram Dalal Holidays,Volvo A/C Semi Sleeper (2+2),21:50,07h 05m,04:55,4.8,INR 500,12 Seats available
Delhi to Chandigarh,https://www.redbus.in/bus-tickets/delhi-to-chandigarh,Zingbus Plus,Bharat Benz A/C Seater /Sleeper (2+1),21:55,06h 00m,03:55,5.0,535,21 Seats available
Delhi to Chandigarh,https://www.redbus.in/bus-tickets/delhi-to-chandigarh,IntrCity SmartBus,Volvo A/C Semi Sleeper (2+2),21:55,05h 15m,03:10,4.4,INR 662,4 Seats available
Delhi to Chandigarh,https://www.redbus.in/bus-tickets/delhi-to-chandigarh,Laxmi holidays,Volvo 9600 A/C Semi Sleeper (2+2),22:00,04h 50m,02:50,4.8,INR 499,27 Seats available
Delhi to Chandigarh,https://www.redbus.in/bus-tickets/delhi-to-chandigarh,NueGo,Electric A/C Seater (2+2),22:00,05h 15m,03:15,4.0,356,34 Seats available
Delhi to Chandigarh,https://www.redbus.in/bus-tickets/delhi-to-chandigarh,Laxmi holidays,Bharat Benz A/C Seater /Sleeper (2+1),22:00,05h 15m,03:15,4.3,INR 465,13 Seats available
Delhi to Chandigarh,https://www.redbus.in/bus-tickets/delhi-to-chandigarh,Zingbus Plus,Volvo Multi-Axle A/C Semisleeper (2+2),22:05,04h 40m,02:45,4.9,359,22 Seats available
Manali to Delhi,https://www.redbus.in/bus-tickets/manali-to-delhi,HRTC - 701,Ordinary 3+2 Non AC Seater,21:30,13h 00m,10:30,4.1,INR 820,37 Seats available
Manali to Delhi,https://www.redbus.in/bus-tickets/manali-to-delhi,HRTC - 65,Himsuta AC Seater Volvo/Scania 2+2,22:30,12h 00m,10:30,3.9,INR 1446,34 Seats available
Manali to Delhi,https://www.redbus.in/bus-tickets/manali-to-delhi,Laxmi holidays,Volvo 9600 A/C Semi Sleeper (2+2),21:00,11h 00m,08:00,4.6,INR 500,29 Seats available
Manali to Delhi,https://www.redbus.in/bus-tickets/manali-to-delhi,Laxmi holidays,Volvo 9600 A/C Semi Sleeper (2+2),22:00,09h 45m,07:45,4.4,INR 500,35 Seats available
Manali to Delhi,https://www.redbus.in/bus-tickets/manali-to-delhi,Malana Travels,Volvo 9600 Multi Axle Semi-Sleeper (2+2),20:00,10h 00m,06:00,4.5,617,37 Seats available
Manali to Delhi,https://www.redbus.in/bus-tickets/manali-to-delhi,AdCity Land Travels,Volvo A/C Semi Sleeper (2+2),22:35,10h 40m,09:15,4.2,540,26 Seats available
Manali to Delhi,https://www.redbus.in/bus-tickets/manali-to-delhi,Zingbus Plus,Volvo 9600 A/C Semi Sleeper (2+2),21:00,11h 40m,08:40,4.7,395,33 Seats available
Manali to Delhi,https://www.redbus.in/bus-tickets/manali-to-delhi,FlixBus,A/C Seater (2+2),20:30,11h 25m,07:55,4.5,INR 549,35 Seats available
Manali to Delhi,https://www.redbus.in/bus-tickets/manali-to-delhi,Reo India Travels,Volvo A/C B11R Multi Axle Semi Sleeper (2+2),19:55,10h 25m,06:20,3.8,475,24 Seats available
Manali to Delhi,https://www.redbus.in/bus-tickets/manali-to-delhi,ROYAL SAFARI INDIA TRAVELS,Bharat Benz A/C Semi Sleeper (2+2),21:00,11h 30m,08:30,3.0,1619,29 Seats available
Manali to Delhi,https://www.redbus.in/bus-tickets/manali-to-delhi,SPEED BUS,Volvo A/C B11R Multi Axle Semi Sleeper (2+2),21:00,12h 30m,09:30,2.6,1756,49 Seats available
Hamirpur (Himachal Pradesh) to Delhi,https://www.redbus.in/bus-tickets/hamirpur-himachal-pradesh-to-delhi,Ram Dalal Holidays,Volvo A/C Semi Sleeper (2+2),21:40,08h 20m,06:00,4.7,INR 700,10 Seats available
Hamirpur (Himachal Pradesh) to Delhi,https://www.redbus.in/bus-tickets/hamirpur-himachal-pradesh-to-delhi,Laxmi holidays,Volvo A/C Semi Sleeper (2+2),20:20,09h 10m,05:30,4.6,INR 749,6 Seats available
Shimla to Manali,https://www.redbus.in/bus-tickets/shimla-to-manali,HRTC - 154,Himsuta AC Seater Volvo/Scania 2+2,21:00,09h 10m,06:10,4.3,INR 963,30 Seats available
Delhi to Dharamshala (Himachal Pradesh),https://www.redbus.in/bus-tickets/delhi-to-dharamshala,HRTC - 26,Himsuta AC Seater Volvo/Scania 2+2,20:50,11h 20m,08:10,4.1,INR 1274,26 Seats available
Delhi to Dharamshala (Himachal Pradesh),https://www.redbus.in/bus-tickets/delhi-to-dharamshala,HRTC - 26,Himsuta AC Seater Volvo/Scania 2+2,20:50,11h 50m,08:40,2.7,INR 1310,26 Seats available
Delhi to Dharamshala (Himachal Pradesh),https://www.redbus.in/bus-tickets/delhi-to-dharamshala,HRTC - 569,Himmani Deluxe 2+2 Non AC Seater,21:22,11h 44m,09:06,4.6,INR 755,27 Seats available
Delhi to Dharamshala (Himachal Pradesh),https://www.redbus.in/bus-tickets/delhi-to-dharamshala,HRTC - 569,Himmani Deluxe 2+2 Non AC Seater,21:22,11h 58m,09:20,3.2,INR 779,27 Seats available
Delhi to Dharamshala (Himachal Pradesh),https://www.redbus.in/bus-tickets/delhi-to-dharamshala,HRTC - 577,A/C Executive (2+3),21:40,11h 30m,09:10,3.4,INR 790,42 Seats available
Delhi to Dharamshala (Himachal Pradesh),https://www.redbus.in/bus-tickets/delhi-to-dharamshala,HRTC - 582,Ordinary 3+2 Non AC Seater,23:05,12h 40m,11:45,2.3,INR 670,34 Seats available
Delhi to Dharamshala (Himachal Pradesh),https://www.redbus.in/bus-tickets/delhi-to-dharamshala,Ram Dalal Holidays,Volvo 9600 Multi Axle Semi-Sleeper (2+2),20:50,11h 20m,08:10,4.8,INR 650,21 Seats available
Delhi to Dharamshala (Himachal Pradesh),https://www.redbus.in/bus-tickets/delhi-to-dharamshala,Laxmi holidays,Volvo 9600 A/C Semi Sleeper (2+2),22:00,11h 00m,09:00,4.8,INR 599,25 Seats available
Delhi to Dharamshala (Himachal Pradesh),https://www.redbus.in/bus-tickets/delhi-to-dharamshala,Bedi Travels,Volvo 9600 Multi Axle Semi-Sleeper (2+2),20:30,11h 15m,07:45,4.8,630,17 Seats available
Delhi to Dharamshala (Himachal Pradesh),https://www.redbus.in/bus-tickets/delhi-to-dharamshala,AdNew Himalaya Travels,Volvo A/C Semi Sleeper (2+2),20:20,11h 25m,07:45,4.1,INR 500,19 Seats available
Delhi to Dharamshala (Himachal Pradesh),https://www.redbus.in/bus-tickets/delhi-to-dharamshala,Bedi Travels,Volvo 9600 Multi Axle Semi-Sleeper (2+2),20:30,11h 00m,07:30,4.7,630,17 Seats available
Delhi to Dharamshala (Himachal Pradesh),https://www.redbus.in/bus-tickets/delhi-to-dharamshala,Laxmi holidays,Volvo 9600 A/C Semi Sleeper (2+2),22:00,10h 55m,08:55,4.7,INR 599,25 Seats available
Delhi to Dharamshala (Himachal Pradesh),https://www.redbus.in/bus-tickets/delhi-to-dharamshala,Laxmi holidays,Volvo Multi-Axle A/C Semi Sleeper (2+2),20:00,10h 53m,06:53,4.7,INR 500,21 Seats available
Delhi to Dharamshala (Himachal Pradesh),https://www.redbus.in/bus-tickets/delhi-to-dharamshala,Laxmi holidays,Volvo Multi-Axle A/C Semi Sleeper (2+2),20:00,10h 55m,06:55,4.5,INR 500,21 Seats available
Delhi to Dharamshala (Himachal Pradesh),https://www.redbus.in/bus-tickets/delhi-to-dharamshala,Laxmi holidays,Volvo 9600 A/C Semi Sleeper (2+2),21:00,10h 15m,07:15,4.7,INR 500,22 Seats available
Delhi to Dharamshala (Himachal Pradesh),https://www.redbus.in/bus-tickets/delhi-to-dharamshala,Zingbus Plus,Volvo Multi-Axle A/C Semisleeper (2+2),22:05,10h 15m,08:20,4.6,474,22 Seats available
Delhi to Dharamshala (Himachal Pradesh),https://www.redbus.in/bus-tickets/delhi-to-dharamshala,Laxmi holidays,Volvo 9600 A/C Semi Sleeper (2+2),21:00,11h 00m,08:00,4.5,INR 500,21 Seats available
Delhi to Dharamshala (Himachal Pradesh),https://www.redbus.in/bus-tickets/delhi-to-dharamshala,Zingbus Plus,Volvo Multi-Axle A/C Semisleeper (2+2),22:05,10h 20m,08:25,4.4,479,22 Seats available
Delhi to Dharamshala (Himachal Pradesh),https://www.redbus.in/bus-tickets/delhi-to-dharamshala,New Himalaya Travels,Volvo A/C Semi Sleeper (2+2),20:20,11h 29m,07:49,4.5,INR 500,20 Seats available
Delhi to Dharamshala (Himachal Pradesh),https://www.redbus.in/bus-tickets/delhi-to-dharamshala,FlixBus,A/C Seater (2+2),20:20,10h 55m,07:15,4.5,INR 500,22 Seats available
Delhi to Dharamshala (Himachal Pradesh),https://www.redbus.in/bus-tickets/delhi-to-dharamshala,Bedi Travels,Volvo A/C Semi Sleeper (2+2 ),21:15,11h 15m,08:30,4.6,585,10 Seats available
Delhi to Dharamshala (Himachal Pradesh),https://www.redbus.in/bus-tickets/delhi-to-dharamshala,Zingbus Plus,Volvo A/C Semi Sleeper (2+2),20:05,09h 55m,06:00,4.7,513,9 Seats available
Delhi to Dharamshala (Himachal Pradesh),https://www.redbus.in/bus-tickets/delhi-to-dharamshala,Zingbus Plus,Volvo A/C Semi Sleeper (2+2),20:05,10h 00m,06:05,4.6,516,10 Seats available
Delhi to Dharamshala (Himachal Pradesh),https://www.redbus.in/bus-tickets/delhi-to-dharamshala,Bedi Travels,Volvo A/C Semi Sleeper (2+2 ),21:15,11h 30m,08:45,4.5,585,10 Seats available
Delhi to Dharamshala (Himachal Pradesh),https://www.redbus.in/bus-tickets/delhi-to-dharamshala,Asian's Shina Tour & Travels (Swoyambhu Manjushree Yatayat P. LTD),A/C Semi Sleeper (2+2),20:00,10h 30m,06:30,3.0,INR 999,1 Seat available
Delhi to Dharamshala (Himachal Pradesh),https://www.redbus.in/bus-tickets/delhi-to-dharamshala,Asian's Shina Tour & Travels (Swoyambhu Manjushree Yatayat P. LTD),VE A/C Seater (2+2),20:20,10h 10m,06:30,1.3,INR 1499,45 Seats available
Delhi to Dharamshala (Himachal Pradesh),https://www.redbus.in/bus-tickets/delhi-to-dharamshala,PAL Travel Lines,Bharat Benz A/C Semi Sleeper (2+2),21:05,11h 00m,08:05,1.0,1619,16 Seats available
Delhi to Dharamshala (Himachal Pradesh),https://www.redbus.in/bus-tickets/delhi-to-dharamshala,Asian's Shina Tour & Travels (Swoyambhu Manjushree Yatayat P. LTD),NON A/C Semi Sleeper (2+2),20:00,10h 31m,06:31,2.5,INR 999,23 Seats available
Delhi to Dharamshala (Himachal Pradesh),https://www.redbus.in/bus-tickets/delhi-to-dharamshala,Asian's Shina Tour & Travels (Swoyambhu Manjushree Yatayat P. LTD),NON A/C Semi Sleeper (2+2),20:00,10h 45m,06:45,2.4,INR 999,23 Seats available
Delhi to Dharamshala (Himachal Pradesh),https://www.redbus.in/bus-tickets/delhi-to-dharamshala,Asian's Shina Tour & Travels (Swoyambhu Manjushree Yatayat P. LTD),A/C Semi Sleeper (2+2),20:00,11h 15m,07:15,2.4,INR 1199,1 Seat available
Shimla to Chandigarh,https://www.redbus.in/bus-tickets/shimla-to-chandigarh,HRTC - 229,Ordinary 3+2 Non AC Seater,20:40,02h 50m,23:30,3.9,INR 242,37 Seats available
Shimla to Chandigarh,https://www.redbus.in/bus-tickets/shimla-to-chandigarh,HRTC - 3,Himsuta AC Seater Volvo/Scania 2+2,21:00,03h 40m,00:40,4.9,INR 384,34 Seats available
Shimla to Chandigarh,https://www.redbus.in/bus-tickets/shimla-to-chandigarh,HRTC - 108,A/C Executive (2+3),21:20,03h 01m,00:21,3.1,INR 247,44 Seats available
Shimla to Chandigarh,https://www.redbus.in/bus-tickets/shimla-to-chandigarh,HRTC - 19,Himsuta AC Seater Volvo/Scania 2+2,21:30,03h 45m,01:15,3.9,INR 384,34 Seats available
Shimla to Chandigarh,https://www.redbus.in/bus-tickets/shimla-to-chandigarh,HRTC - 1712,Ordinary 3+2 Non AC Seater,21:30,03h 30m,01:00,3.9,INR 242,27 Seats available
Shimla to Chandigarh,https://www.redbus.in/bus-tickets/shimla-to-chandigarh,HRTC - 130,Ordinary 3+2 Non AC Seater,21:45,03h 45m,01:30,3.9,INR 242,37 Seats available
Shimla to Chandigarh,https://www.redbus.in/bus-tickets/shimla-to-chandigarh,HRTC - 179,Ordinary 3+2 Non AC Seater,22:00,03h 45m,01:45,3.9,INR 242,27 Seats available
Shimla to Chandigarh,https://www.redbus.in/bus-tickets/shimla-to-chandigarh,HRTC - 35,Himsuta AC Seater Volvo/Scania 2+2,22:00,03h 10m,01:10,3.9,INR 384,34 Seats available
Shimla to Chandigarh,https://www.redbus.in/bus-tickets/shimla-to-chandigarh,HRTC - 92,Himsuta AC Seater Volvo/Scania 2+2,22:30,03h 00m,01:30,3.9,INR 384,29 Seats available
Shimla to Chandigarh,https://www.redbus.in/bus-tickets/shimla-to-chandigarh,HRTC - 136,Ordinary 3+2 Non AC Seater,22:30,03h 40m,02:10,3.9,INR 242,27 Seats available
Shimla to Chandigarh,https://www.redbus.in/bus-tickets/shimla-to-chandigarh,Chandigarh Transport Undertaking (CTU) - 165748,HVAC Seater (2+3),22:45,04h 35m,03:20,3.7,INR 307.62,47 Seats available
Shimla to Chandigarh,https://www.redbus.in/bus-tickets/shimla-to-chandigarh,FlixBus,A/C Seater (2+2),20:00,04h 30m,00:30,4.0,INR 165,25 Seats available
Shimla to Chandigarh,https://www.redbus.in/bus-tickets/shimla-to-chandigarh,Zingbus Plus,Volvo A/C Semi Sleeper (2+2),20:30,03h 15m,23:45,4.6,INR 267,36 Seats available
Shimla to Chandigarh,https://www.redbus.in/bus-tickets/shimla-to-chandigarh,Laxmi holidays,Scania Multi-Axle AC Semi Sleeper (2+2),20:30,03h 05m,23:35,4.8,INR 400,32 Seats available
Shimla to Chandigarh,https://www.redbus.in/bus-tickets/shimla-to-chandigarh,Laxmi holidays,Scania Multi-Axle AC Semi Sleeper (2+2),20:30,02h 30m,23:00,4.7,INR 399,25 Seats available
Shimla to Chandigarh,https://www.redbus.in/bus-tickets/shimla-to-chandigarh,Bedi Travels,Volvo A/C Semi Sleeper (2+2 ),21:30,03h 25m,00:55,4.0,468,17 Seats available
Shimla to Chandigarh,https://www.redbus.in/bus-tickets/shimla-to-chandigarh,Ram Dalal Holidays,Mercedes Multi-Axle Semi Sleeper (2+2),21:55,03h 45m,01:40,3.8,INR 500,35 Seats available
Shimla to Chandigarh,https://www.redbus.in/bus-tickets/shimla-to-chandigarh,City Land Travels,Volvo A/C Semi Sleeper (2+2),22:00,02h 50m,00:50,4.1,495,27 Seats available
Shimla to Chandigarh,https://www.redbus.in/bus-tickets/shimla-to-chandigarh,Ram Dalal Holidays,Volvo A/C Semi Sleeper (2+2),22:00,03h 00m,01:00,4.8,INR 500,21 Seats available
Shimla to Chandigarh,https://www.redbus.in/bus-tickets/shimla-to-chandigarh,City Land Travels,Volvo A/C Semi Sleeper (2+2),22:30,02h 45m,01:15,5.0,INR 500,24 Seats available
Shimla to Chandigarh,https://www.redbus.in/bus-tickets/shimla-to-chandigarh,City Land Travels,Volvo A/C Semi Sleeper (2+2),22:30,02h 50m,01:20,4.4,INR 500,24 Seats available
Shimla to Chandigarh,https://www.redbus.in/bus-tickets/shimla-to-chandigarh,City Land Travels,Volvo A/C Semi Sleeper (2+2),23:00,03h 05m,02:05,3.6,INR 488,23 Seats available
Shimla to Chandigarh,https://www.redbus.in/bus-tickets/shimla-to-chandigarh,City Land Travels,Volvo A/C Semi Sleeper (2+2),23:00,03h 35m,02:35,4.1,INR 488,23 Seats available
Shimla to Chandigarh,https://www.redbus.in/bus-tickets/shimla-to-chandigarh,City Land Travels,Volvo A/C Semi Sleeper (2+2),22:00,03h 00m,01:00,2.7,495,27 Seats available
Chandigarh to Dharamshala (Himachal Pradesh),https://www.redbus.in/bus-tickets/chandigarh-to-dharamshala,HRTC - 91,Himsuta AC Seater Volvo/Scania 2+2,22:10,06h 30m,04:40,2.7,INR 724,27 Seats available
Chandigarh to Dharamshala (Himachal Pradesh),https://www.redbus.in/bus-tickets/chandigarh-to-dharamshala,Laxmi holidays,Volvo 9600 A/C Semi Sleeper (2+2),23:55,06h 05m,06:00,4.7,INR 599,13 Seats available
Chandigarh to Dharamshala (Himachal Pradesh),https://www.redbus.in/bus-tickets/chandigarh-to-dharamshala,Laxmi holidays,Volvo 9600 A/C Semi Sleeper (2+2),23:55,06h 04m,05:59,4.5,INR 599,15 Seats available
Chandigarh to Dharamshala (Himachal Pradesh),https://www.redbus.in/bus-tickets/chandigarh-to-dharamshala,Asian's Shina Tour & Travels (Swoyambhu Manjushree Yatayat P. LTD),NON A/C Semi Sleeper (2+2),23:55,06h 36m,06:31,2.4,INR 999,23 Seats available
Chandigarh to Dharamshala (Himachal Pradesh),https://www.redbus.in/bus-tickets/chandigarh-to-dharamshala,Asian's Shina Tour & Travels (Swoyambhu Manjushree Yatayat P. LTD),NON A/C Semi Sleeper (2+2),23:55,06h 50m,06:45,2.4,INR 999,23 Seats available
Delhi to Baddi (Himachal Pradesh),https://www.redbus.in/bus-tickets/delhi-to-baddi-himachal-pradesh,HRTC - 568,Ordinary 3+2 Non AC Seater,21:30,08h 45m,06:15,3.7,INR 310,38 Seats available
Delhi to Baddi (Himachal Pradesh),https://www.redbus.in/bus-tickets/delhi-to-baddi-himachal-pradesh,HRTC - 580,Ordinary 3+2 Non AC Seater,22:45,06h 15m,05:00,3.4,INR 310,34 Seats available
Delhi to Baddi (Himachal Pradesh),https://www.redbus.in/bus-tickets/delhi-to-baddi-himachal-pradesh,HRTC - 576,Himsuta AC Seater Volvo/Scania 2+2,23:20,06h 10m,05:30,4.1,INR 588,26 Seats available
Dharamshala (Himachal Pradesh) to Chandigarh,https://www.redbus.in/bus-tickets/dharamshala-to-chandigarh,Ram Dalal Holidays,Volvo 9600 A/C Semi Sleeper (2+2),19:38,05h 52m,01:30,4.8,INR 580,4 Seats available
Dharamshala (Himachal Pradesh) to Chandigarh,https://www.redbus.in/bus-tickets/dharamshala-to-chandigarh,Zingbus Plus,Volvo A/C Semi Sleeper (2+2),19:40,05h 05m,00:45,4.6,429,21 Seats available
Dharamshala (Himachal Pradesh) to Chandigarh,https://www.redbus.in/bus-tickets/dharamshala-to-chandigarh,Laxmi holidays,Volvo Multi-Axle A/C Semi Sleeper (2+2),19:55,06h 05m,02:00,4.7,INR 550,30 Seats available
Dharamshala (Himachal Pradesh) to Chandigarh,https://www.redbus.in/bus-tickets/dharamshala-to-chandigarh,Triptara tour & Travel,Scania Multi-Axle AC Semi Sleeper (2+2),19:58,05h 52m,01:50,4.3,INR 500,16 Seats available
Dharamshala (Himachal Pradesh) to Chandigarh,https://www.redbus.in/bus-tickets/dharamshala-to-chandigarh,Laxmi holidays,Volvo Multi-Axle A/C Semi Sleeper (2+2),20:00,06h 00m,02:00,4.9,INR 550,30 Seats available
Dharamshala (Himachal Pradesh) to Chandigarh,https://www.redbus.in/bus-tickets/dharamshala-to-chandigarh,Ram Dalal Holidays,Volvo 9600 Multi Axle Semi-Sleeper (2+2),20:30,05h 25m,01:55,4.6,INR 550,23 Seats available
Dharamshala (Himachal Pradesh) to Chandigarh,https://www.redbus.in/bus-tickets/dharamshala-to-chandigarh,Ram Dalal Holidays,Volvo 9600 Multi Axle Semi-Sleeper (2+2),20:38,05h 17m,01:55,5.0,INR 550,23 Seats available
Dharamshala (Himachal Pradesh) to Chandigarh,https://www.redbus.in/bus-tickets/dharamshala-to-chandigarh,Triptara tour & Travel,Scania Multi-Axle AC Semi Sleeper (2+2),20:38,05h 12m,01:50,4.3,INR 500,16 Seats available
Dharamshala (Himachal Pradesh) to Chandigarh,https://www.redbus.in/bus-tickets/dharamshala-to-chandigarh,Bedi Travels,Volvo A/C Semi Sleeper (2+2 ),21:00,05h 45m,02:45,4.6,630,11 Seats available
Dharamshala (Himachal Pradesh) to Chandigarh,https://www.redbus.in/bus-tickets/dharamshala-to-chandigarh,Bedi Travels,Volvo A/C Semi Sleeper (2+2 ),21:15,05h 30m,02:45,4.9,630,11 Seats available
Dharamshala (Himachal Pradesh) to Chandigarh,https://www.redbus.in/bus-tickets/dharamshala-to-chandigarh,Zingbus Plus,Volvo Multi-Axle A/C Semisleeper (2+2),21:40,05h 15m,02:55,4.8,425,27 Seats available
Dharamshala (Himachal Pradesh) to Chandigarh,https://www.redbus.in/bus-tickets/dharamshala-to-chandigarh,Laxmi holidays,Volvo 9600 A/C Semi Sleeper (2+2),21:45,05h 35m,03:20,4.7,INR 499,22 Seats available
Dharamshala (Himachal Pradesh) to Chandigarh,https://www.redbus.in/bus-tickets/dharamshala-to-chandigarh,Zingbus Plus,Volvo Multi-Axle A/C Semisleeper (2+2),21:45,05h 10m,02:55,4.7,427,26 Seats available
Dharamshala (Himachal Pradesh) to Chandigarh,https://www.redbus.in/bus-tickets/dharamshala-to-chandigarh,Laxmi holidays,Volvo 9600 A/C Semi Sleeper (2+2),21:50,05h 30m,03:20,4.5,INR 499,23 Seats available
Delhi to Dalhousie,https://www.redbus.in/bus-tickets/delhi-to-dalhousie,HRTC - 1422,Himsuta AC Seater Volvo/Scania 2+2,21:30,13h 35m,11:05,4.0,INR 1437,17 Seats available
Delhi to Dalhousie,https://www.redbus.in/bus-tickets/delhi-to-dalhousie,Zingbus Plus,Bharat Benz A/C Seater /Sleeper (2+1),20:30,12h 35m,09:05,2.4,1153,22 Seats available
Delhi to Dalhousie,https://www.redbus.in/bus-tickets/delhi-to-dalhousie,Travel Point,A/C Seater / Sleeper (2+2),21:00,12h 51m,09:51,3.1,1387,50 Seats available
Delhi to Dalhousie,https://www.redbus.in/bus-tickets/delhi-to-dalhousie,Zingbus Plus,A/C Sleeper (2+1),22:00,13h 00m,11:00,2.4,1313,24 Seats available
Delhi to Chamba (Himachal Pradesh),https://www.redbus.in/bus-tickets/delhi-to-chamba-himachal-pradesh,HRTC - 578,Ordinary 3+2 Non AC Seater,22:10,20h 25m,18:35,1.9,INR 862,36 Seats available
Solan to Delhi,https://www.redbus.in/bus-tickets/solan-to-delhi,HRTC - 74,Himsuta AC Seater Volvo/Scania 2+2,21:10,07h 50m,05:00,4.5,INR 721,26 Seats available
Solan to Delhi,https://www.redbus.in/bus-tickets/solan-to-delhi,HRTC - 3,Himsuta AC Seater Volvo/Scania 2+2,22:30,07h 30m,06:00,4.6,INR 721,22 Seats available
Solan to Delhi,https://www.redbus.in/bus-tickets/solan-to-delhi,HRTC - 19,Himsuta AC Seater Volvo/Scania 2+2,23:00,07h 00m,06:00,2.5,INR 721,25 Seats available
Solan to Delhi,https://www.redbus.in/bus-tickets/solan-to-delhi,Laxmi holidays,Scania Multi-Axle AC Semi Sleeper (2+2),21:30,07h 00m,04:30,4.6,INR 400,26 Seats available
Solan to Delhi,https://www.redbus.in/bus-tickets/solan-to-delhi,Bedi Travels,Volvo A/C Semi Sleeper (2+2 ),23:00,06h 30m,05:30,4.7,468,17 Seats available
Solan to Delhi,https://www.redbus.in/bus-tickets/solan-to-delhi,Zingbus Plus,Volvo A/C Semi Sleeper (2+2),21:50,06h 45m,04:35,4.5,433,16 Seats available
Solan to Delhi,https://www.redbus.in/bus-tickets/solan-to-delhi,Ram Dalal Holidays,Mercedes Multi-Axle Semi Sleeper (2+2),23:35,07h 00m,06:35,4.5,INR 500,34 Seats available
Solan to Delhi,https://www.redbus.in/bus-tickets/solan-to-delhi,City Land Travels,Volvo A/C Semi Sleeper (2+2),23:45,05h 45m,05:30,4.4,INR 500,21 Seats available
Solan to Delhi,https://www.redbus.in/bus-tickets/solan-to-delhi,Ram Dalal Holidays,Volvo A/C Semi Sleeper (2+2),23:15,06h 15m,05:30,4.8,INR 500,21 Seats available
Solan to Delhi,https://www.redbus.in/bus-tickets/solan-to-delhi,City Land Travels,Volvo A/C Semi Sleeper (2+2),23:20,05h 40m,05:00,4.1,495,27 Seats available
Solan to Delhi,https://www.redbus.in/bus-tickets/solan-to-delhi,FlixBus,A/C Seater (2+2),21:25,07h 35m,05:00,4.0,INR 582,24 Seats available
Delhi to Palampur,https://www.redbus.in/bus-tickets/delhi-to-palampur,HRTC - 565,Ordinary 3+2 Non AC Seater,21:05,10h 55m,08:00,3.6,INR 716,26 Seats available
Delhi to Palampur,https://www.redbus.in/bus-tickets/delhi-to-palampur,HRTC - 82,Himsuta AC Seater Volvo/Scania 2+2,21:55,11h 35m,09:30,4.4,INR 1332,26 Seats available
Delhi to Palampur,https://www.redbus.in/bus-tickets/delhi-to-palampur,HRTC - 575,A/C Executive (2+3),21:59,12h 36m,10:35,2.9,INR 865,44 Seats available
Delhi to Palampur,https://www.redbus.in/bus-tickets/delhi-to-palampur,Ram Dalal Holidays,Volvo A/C Semi Sleeper (2+2),20:00,11h 00m,07:00,4.6,INR 750,5 Seats available
Delhi to Palampur,https://www.redbus.in/bus-tickets/delhi-to-palampur,New Himalaya Travels,Volvo A/C Semi Sleeper (2+2),20:00,11h 15m,07:15,4.6,INR 630,4 Seats available
Delhi to Palampur,https://www.redbus.in/bus-tickets/delhi-to-palampur,Laxmi holidays,Volvo A/C Semi Sleeper (2+2),20:00,11h 00m,07:00,4.5,INR 699,7 Seats available
Delhi to Palampur,https://www.redbus.in/bus-tickets/delhi-to-palampur,Ram Dalal Holidays,Volvo A/C Semi Sleeper (2+2),21:20,10h 40m,08:00,4.4,INR 820,6 Seats available
Delhi to Palampur,https://www.redbus.in/bus-tickets/delhi-to-palampur,Bharmani Travels,Volvo A/C Semi Sleeper (2+2),21:15,09h 45m,07:00,3.9,600,22 Seats available
Delhi to Palampur,https://www.redbus.in/bus-tickets/delhi-to-palampur,City Land Travels,Volvo A/C Semi Sleeper (2+2),19:55,10h 05m,06:00,3.6,548,9 Seats available
Delhi to Palampur,https://www.redbus.in/bus-tickets/delhi-to-palampur,Northern Travels,Volvo A/C Semi Sleeper (2+2),20:00,11h 30m,07:30,3.4,INR 600,8 Seats available
Dharamshala (Himachal Pradesh) to Delhi,https://www.redbus.in/bus-tickets/dharamshala-to-delhi,Ram Dalal Holidays,Volvo 9600 Multi Axle Semi-Sleeper (2+2),20:38,09h 52m,06:30,4.7,INR 550,21 Seats available
Dharamshala (Himachal Pradesh) to Delhi,https://www.redbus.in/bus-tickets/dharamshala-to-delhi,Laxmi holidays,Volvo 9600 A/C Semi Sleeper (2+2),21:45,10h 45m,08:30,4.8,INR 599,20 Seats available
Dharamshala (Himachal Pradesh) to Delhi,https://www.redbus.in/bus-tickets/dharamshala-to-delhi,Bedi Travels,Volvo A/C Semi Sleeper (2+2 ),21:15,10h 15m,07:30,4.7,630,11 Seats available
Dharamshala (Himachal Pradesh) to Delhi,https://www.redbus.in/bus-tickets/dharamshala-to-delhi,Ram Dalal Holidays,Volvo 9600 A/C Semi Sleeper (2+2),19:44,10h 01m,05:45,4.6,INR 570,4 Seats available
Dharamshala (Himachal Pradesh) to Delhi,https://www.redbus.in/bus-tickets/dharamshala-to-delhi,Bedi Travels,Volvo A/C Semi Sleeper (2+2 ),21:00,10h 30m,07:30,4.8,630,10 Seats available
Dharamshala (Himachal Pradesh) to Delhi,https://www.redbus.in/bus-tickets/dharamshala-to-delhi,Laxmi holidays,Volvo Multi-Axle A/C Semi Sleeper (2+2),19:55,10h 25m,06:20,4.7,INR 550,25 Seats available
Dharamshala (Himachal Pradesh) to Delhi,https://www.redbus.in/bus-tickets/dharamshala-to-delhi,Laxmi holidays,Volvo Multi-Axle A/C Semi Sleeper (2+2),20:00,10h 20m,06:20,4.5,INR 550,25 Seats available
Dharamshala (Himachal Pradesh) to Delhi,https://www.redbus.in/bus-tickets/dharamshala-to-delhi,Laxmi holidays,Volvo 9600 A/C Semi Sleeper (2+2),21:50,10h 40m,08:30,4.5,INR 599,20 Seats available
Dharamshala (Himachal Pradesh) to Delhi,https://www.redbus.in/bus-tickets/dharamshala-to-delhi,Ram Dalal Holidays,Volvo 9600 Multi Axle Semi-Sleeper (2+2),20:30,10h 00m,06:30,4.6,INR 550,20 Seats available
Dharamshala (Himachal Pradesh) to Delhi,https://www.redbus.in/bus-tickets/dharamshala-to-delhi,Zingbus Plus,Volvo Multi-Axle A/C Semisleeper (2+2),21:45,09h 20m,07:05,4.5,413,25 Seats available
Dharamshala (Himachal Pradesh) to Delhi,https://www.redbus.in/bus-tickets/dharamshala-to-delhi,Zingbus Plus,Volvo Multi-Axle A/C Semisleeper (2+2),21:40,09h 25m,07:05,4.7,425,26 Seats available
Dharamshala (Himachal Pradesh) to Delhi,https://www.redbus.in/bus-tickets/dharamshala-to-delhi,Triptara tour & Travel,Scania Multi-Axle AC Semi Sleeper (2+2),20:38,10h 17m,06:55,4.5,INR 500,16 Seats available
Dharamshala (Himachal Pradesh) to Delhi,https://www.redbus.in/bus-tickets/dharamshala-to-delhi,Triptara tour & Travel,Scania Multi-Axle AC Semi Sleeper (2+2),19:58,10h 57m,06:55,3.7,INR 500,16 Seats available
Delhi to Solan,https://www.redbus.in/bus-tickets/delhi-to-solan,HRTC - 591,A/C Executive (2+3),21:00,09h 00m,06:00,4.4,INR 519,42 Seats available
Delhi to Solan,https://www.redbus.in/bus-tickets/delhi-to-solan,HRTC - 8,Himsuta AC Seater Volvo/Scania 2+2,21:02,07h 38m,04:40,4.8,INR 721,7 Seats available
Delhi to Solan,https://www.redbus.in/bus-tickets/delhi-to-solan,HRTC - 570,Ordinary 3+2 Non AC Seater,21:25,08h 00m,05:25,4.1,INR 404,37 Seats available
Delhi to Solan,https://www.redbus.in/bus-tickets/delhi-to-solan,HRTC - 518,Ordinary 3+2 Non AC Seater,21:58,07h 02m,05:00,4.2,INR 404,27 Seats available
Delhi to Solan,https://www.redbus.in/bus-tickets/delhi-to-solan,HRTC - 9,Himsuta AC Seater Volvo/Scania 2+2,22:00,08h 00m,06:00,4.0,INR 721,24 Seats available
Delhi to Solan,https://www.redbus.in/bus-tickets/delhi-to-solan,HRTC - 579,Ordinary 3+2 Non AC Seater,22:30,07h 50m,06:20,4.1,INR 404,26 Seats available
Delhi to Solan,https://www.redbus.in/bus-tickets/delhi-to-solan,HRTC - 36,Himsuta AC Seater Volvo/Scania 2+2,22:30,06h 40m,05:10,4.1,INR 696,19 Seats available
Delhi to Solan,https://www.redbus.in/bus-tickets/delhi-to-solan,HRTC - 22,Himsuta AC Seater Volvo/Scania 2+2,23:00,07h 50m,06:50,3.4,INR 721,22 Seats available
Delhi to Solan,https://www.redbus.in/bus-tickets/delhi-to-solan,HRTC - 564,Ordinary 3+2 Non AC Seater,23:40,08h 00m,07:40,4.1,INR 404,37 Seats available
Delhi to Solan,https://www.redbus.in/bus-tickets/delhi-to-solan,Bedi Travels,Volvo A/C Semi Sleeper (2+2 ),23:00,07h 45m,06:45,4.9,468,18 Seats available
Delhi to Solan,https://www.redbus.in/bus-tickets/delhi-to-solan,Laxmi holidays,Scania Multi-Axle AC Semi Sleeper (2+2),23:30,07h 00m,06:30,4.7,INR 450,42 Seats available
Delhi to Solan,https://www.redbus.in/bus-tickets/delhi-to-solan,Ram Dalal Holidays,Mercedes Multi-Axle Semi Sleeper (2+2),23:25,07h 00m,06:25,4.5,INR 500,25 Seats available
Delhi to Solan,https://www.redbus.in/bus-tickets/delhi-to-solan,Zingbus Plus,Volvo A/C Semi Sleeper (2+2),22:55,07h 30m,06:25,4.6,406,24 Seats available
Delhi to Solan,https://www.redbus.in/bus-tickets/delhi-to-solan,City Land Travels,Volvo A/C Semi Sleeper (2+2),22:30,06h 10m,04:40,3.4,INR 500,26 Seats available
Delhi to Solan,https://www.redbus.in/bus-tickets/delhi-to-solan,City Land Travels,Volvo Multi-Axle I-Shift B11R Semi Sleeper (2+2),23:55,06h 10m,06:05,3.8,INR 500,44 Seats available
Delhi to Solan,https://www.redbus.in/bus-tickets/delhi-to-solan,Ram Dalal Holidays,Volvo A/C Semi Sleeper (2+2),21:50,08h 40m,06:30,4.5,INR 500,12 Seats available
Delhi to Solan,https://www.redbus.in/bus-tickets/delhi-to-solan,FlixBus,A/C Seater (2+2),23:55,07h 10m,07:05,4.8,INR 600,25 Seats available
Manali to Shimla,https://www.redbus.in/bus-tickets/manali-to-shimla,HRTC - 155,Himsuta AC Seater Volvo/Scania 2+2,21:00,09h 10m,06:10,3.7,INR 963,35 Seats available
Manali to Shimla,https://www.redbus.in/bus-tickets/manali-to-shimla,HRTC - 718,Ordinary 3+2 Non AC Seater,21:30,07h 00m,04:30,2.9,INR 583,36 Seats available
Palampur to Delhi,https://www.redbus.in/bus-tickets/palampur-to-delhi,HRTC - 1116,A/C Executive (2+3),21:35,11h 25m,09:00,2.9,INR 865,17 Seats available
Palampur to Delhi,https://www.redbus.in/bus-tickets/palampur-to-delhi,Laxmi holidays,Volvo A/C Semi Sleeper (2+2),20:50,10h 40m,07:30,4.5,INR 649,11 Seats available
Palampur to Delhi,https://www.redbus.in/bus-tickets/palampur-to-delhi,Bharmani Travels,Volvo A/C Semi Sleeper (2+2),21:10,09h 20m,06:30,4.3,600,6 Seats available
Chandigarh to Kullu,https://www.redbus.in/bus-tickets/chandigarh-to-kullu,HRTC - 1544,Ordinary 3+2 Non AC Seater,21:40,09h 00m,06:40,3.9,INR 487,26 Seats available
Chandigarh to Kullu,https://www.redbus.in/bus-tickets/chandigarh-to-kullu,HRTC - 1522,Himsuta AC Seater Volvo/Scania 2+2,22:00,07h 00m,05:00,4.1,INR 775,30 Seats available
Chandigarh to Kullu,https://www.redbus.in/bus-tickets/chandigarh-to-kullu,HRTC - 521,Ordinary 3+2 Non AC Seater,22:20,07h 40m,06:00,3.9,INR 477,37 Seats available
Chandigarh to Kullu,https://www.redbus.in/bus-tickets/chandigarh-to-kullu,GLOBAL HOLIDAYS ADVENTURE TOURS,A/C Semi Sleeper (2+2),22:25,07h 35m,06:00,3.7,463,28 Seats available
Chandigarh to Kullu,https://www.redbus.in/bus-tickets/chandigarh-to-kullu,Laxmi holidays,Volvo 9600 A/C Semi Sleeper (2+2),22:50,05h 25m,04:15,4.6,INR 699,1 Seat available
Chandigarh to Kullu,https://www.redbus.in/bus-tickets/chandigarh-to-kullu,Subh Yatri Holidays,Volvo A/C Semi Sleeper (2+2),23:45,05h 30m,05:15,3.5,INR 1099,31 Seats available
Chandigarh to Kullu,https://www.redbus.in/bus-tickets/chandigarh-to-kullu,Subh Yatri Holidays,Volvo A/C Semi Sleeper (2+2),23:45,07h 15m,07:00,3.5,INR 899,29 Seats available
Chandigarh to Kullu,https://www.redbus.in/bus-tickets/chandigarh-to-kullu,Abtc Tour and Travels,Bharat Benz A/C Semi Sleeper (2+2),23:55,06h 15m,06:10,3.3,980,14 Seats available
Chandigarh to Kullu,https://www.redbus.in/bus-tickets/chandigarh-to-kullu,HIMALAYAN HOLIDAYS,Volvo A/C Semi Sleeper (2+2 ),23:59,06h 01m,06:00,3.5,INR 1249,33 Seats available
Chandigarh to Kullu,https://www.redbus.in/bus-tickets/chandigarh-to-kullu,Abtc Tour and Travels,Bharat Benz A/C Semi Sleeper (2+2),01:00,05h 10m,06:10,3.3,980,14 Seats available
Chandigarh to Kullu,https://www.redbus.in/bus-tickets/chandigarh-to-kullu,Yatrabybus.com,Bharat Benz A/C Semi Sleeper (2+2),22:20,06h 15m,04:35,2.5,INR 1199,49 Seats available
Chandigarh to Kullu,https://www.redbus.in/bus-tickets/chandigarh-to-kullu,PAL Travel Lines,Volvo A/C Semi Sleeper (2+2),23:45,08h 30m,08:15,2.9,584,32 Seats available
Chandigarh to Kullu,https://www.redbus.in/bus-tickets/chandigarh-to-kullu,ABHI TRAVELS,Volvo Multi-Axle I-Shift B11R Semi Sleeper (2+2),23:58,05h 32m,05:30,2.6,INR 699,39 Seats available
Chandigarh to Kullu,https://www.redbus.in/bus-tickets/chandigarh-to-kullu,SWAGATAM TOUR HOLIDAY,Volvo AC Seater (2+2),23:59,06h 01m,06:00,4.0,INR 1099,26 Seats available
Chandigarh to Kullu,https://www.redbus.in/bus-tickets/chandigarh-to-kullu,Rao Travel Heights,Volvo A/C Semi Sleeper (2+2),23:40,07h 10m,06:50,0,INR 1649,41 Seats available
Kangra to Chandigarh,https://www.redbus.in/bus-tickets/kangra-to-chandigarh,HRTC - 905,Ordinary 3+2 Non AC Seater,21:00,05h 30m,02:30,3.9,INR 385,37 Seats available
Kangra to Chandigarh,https://www.redbus.in/bus-tickets/kangra-to-chandigarh,HRTC - 1152,Ordinary 3+2 Non AC Seater,21:30,05h 30m,03:00,3.9,INR 365,37 Seats available
Kangra to Chandigarh,https://www.redbus.in/bus-tickets/kangra-to-chandigarh,HRTC - 1103,A/C Executive (2+3),21:55,05h 05m,03:00,5.0,INR 395,33 Seats available
Kangra to Chandigarh,https://www.redbus.in/bus-tickets/kangra-to-chandigarh,HRTC - 927,Ordinary 3+2 Non AC Seater,22:05,06h 10m,04:15,4.5,INR 377,29 Seats available
Kangra to Chandigarh,https://www.redbus.in/bus-tickets/kangra-to-chandigarh,HRTC - 1116,A/C Executive (2+3),22:35,05h 30m,04:05,3.9,INR 425,33 Seats available
Kangra to Chandigarh,https://www.redbus.in/bus-tickets/kangra-to-chandigarh,Bedi Travels,Volvo 9600 Multi Axle Semi-Sleeper (2+2),19:45,05h 15m,01:00,5.0,630,11 Seats available
Kangra to Chandigarh,https://www.redbus.in/bus-tickets/kangra-to-chandigarh,New Himalaya Travels,Volvo A/C Semi Sleeper (2+2),20:10,05h 05m,01:15,4.4,INR 500,23 Seats available
Kangra to Chandigarh,https://www.redbus.in/bus-tickets/kangra-to-chandigarh,Zingbus Plus,Volvo A/C Semi Sleeper (2+2),20:10,04h 35m,00:45,4.8,429,25 Seats available
Kangra to Chandigarh,https://www.redbus.in/bus-tickets/kangra-to-chandigarh,Ram Dalal Holidays,Volvo 9600 A/C Semi Sleeper (2+2),20:20,05h 10m,01:30,5.0,INR 580,4 Seats available
Kangra to Chandigarh,https://www.redbus.in/bus-tickets/kangra-to-chandigarh,Laxmi holidays,Scania Multi-Axle AC Semi Sleeper (2+2),20:30,05h 20m,01:50,4.8,INR 499,13 Seats available
Kangra to Chandigarh,https://www.redbus.in/bus-tickets/kangra-to-chandigarh,Bedi Travels,Volvo 9600 A/C Semi Sleeper (2+2),20:30,05h 15m,01:45,4.7,630,6 Seats available
Kangra to Chandigarh,https://www.redbus.in/bus-tickets/kangra-to-chandigarh,Ram Dalal Holidays,Volvo A/C Semi Sleeper (2+2),20:30,04h 40m,01:10,4.5,INR 700,15 Seats available
Kangra to Chandigarh,https://www.redbus.in/bus-tickets/kangra-to-chandigarh,City Land Travels,Volvo A/C Semi Sleeper (2+2),20:40,04h 50m,01:30,4.9,540,20 Seats available
Kangra to Chandigarh,https://www.redbus.in/bus-tickets/kangra-to-chandigarh,New Himalaya Travels,Volvo A/C Semi Sleeper (2+2),20:45,04h 45m,01:30,4.4,INR 600,12 Seats available
Kangra to Chandigarh,https://www.redbus.in/bus-tickets/kangra-to-chandigarh,Laxmi holidays,Volvo Multi-Axle A/C Semi Sleeper (2+2),20:45,05h 15m,02:00,3.5,INR 550,25 Seats available
Kangra to Chandigarh,https://www.redbus.in/bus-tickets/kangra-to-chandigarh,Ram Dalal Holidays,Volvo 9600 Multi Axle Semi-Sleeper (2+2),21:10,04h 45m,01:55,4.6,INR 550,23 Seats available
Kangra to Chandigarh,https://www.redbus.in/bus-tickets/kangra-to-chandigarh,Triptara tour & Travel,Scania Multi-Axle AC Semi Sleeper (2+2),21:28,04h 22m,01:50,4.3,INR 500,16 Seats available
Kangra to Chandigarh,https://www.redbus.in/bus-tickets/kangra-to-chandigarh,Laxmi holidays,Volvo A/C Semi Sleeper (2+2),22:00,05h 20m,03:20,3.6,INR 549,11 Seats available
Kangra to Chandigarh,https://www.redbus.in/bus-tickets/kangra-to-chandigarh,Bharmani Travels,Volvo A/C Semi Sleeper (2+2),22:00,04h 30m,02:30,4.0,600,41 Seats available
Kangra to Chandigarh,https://www.redbus.in/bus-tickets/kangra-to-chandigarh,Bedi Travels,Volvo A/C Semi Sleeper (2+2 ),22:15,04h 30m,02:45,4.7,630,11 Seats available
Kangra to Chandigarh,https://www.redbus.in/bus-tickets/kangra-to-chandigarh,Zingbus Plus,Volvo Multi-Axle A/C Semisleeper (2+2),22:15,04h 40m,02:55,5.0,570,38 Seats available
Kangra to Chandigarh,https://www.redbus.in/bus-tickets/kangra-to-chandigarh,Laxmi holidays,Volvo 9600 A/C Semi Sleeper (2+2),22:30,04h 50m,03:20,4.7,INR 499,27 Seats available
Kangra to Chandigarh,https://www.redbus.in/bus-tickets/kangra-to-chandigarh,Northern Travels,Volvo A/C Semi Sleeper (2+2),19:45,05h 15m,01:00,2.7,INR 539,14 Seats available
Kullu to Chandigarh,https://www.redbus.in/bus-tickets/kullu-to-chandigarh,HRTC - 737,Ordinary 3+2 Non AC Seater,21:20,07h 40m,05:00,3.9,INR 468,37 Seats available
Kullu to Chandigarh,https://www.redbus.in/bus-tickets/kullu-to-chandigarh,HRTC - 759,Himsuta AC Seater Volvo/Scania 2+2,21:30,06h 40m,04:10,3.9,INR 793,33 Seats available
Kullu to Chandigarh,https://www.redbus.in/bus-tickets/kullu-to-chandigarh,HRTC - 732,Himsuta AC Seater Volvo/Scania 2+2,22:20,06h 00m,04:20,4.9,INR 775,34 Seats available
Kullu to Chandigarh,https://www.redbus.in/bus-tickets/kullu-to-chandigarh,HRTC - 701,Ordinary 3+2 Non AC Seater,22:45,06h 45m,05:30,4.2,INR 473,37 Seats available
Kullu to Chandigarh,https://www.redbus.in/bus-tickets/kullu-to-chandigarh,HRTC - 713,Himsuta AC Seater Volvo/Scania 2+2,23:10,06h 50m,06:00,5.0,INR 775,32 Seats available
Kullu to Chandigarh,https://www.redbus.in/bus-tickets/kullu-to-chandigarh,HRTC - 65,Himsuta AC Seater Volvo/Scania 2+2,23:40,05h 50m,05:30,5.0,INR 793,34 Seats available
Kullu to Chandigarh,https://www.redbus.in/bus-tickets/kullu-to-chandigarh,Reo India Travels,Volvo A/C Semi Sleeper (2+2),20:05,05h 39m,01:44,3.9,INR 400,20 Seats available
Kullu to Chandigarh,https://www.redbus.in/bus-tickets/kullu-to-chandigarh,Laxmi holidays,Scania Multi-Axle AC Semi Sleeper (2+2),20:15,05h 35m,01:50,4.3,INR 500,24 Seats available
Kullu to Chandigarh,https://www.redbus.in/bus-tickets/kullu-to-chandigarh,Zingbus Plus,Scania Multi-Axle AC Semi Sleeper (2+2),20:15,05h 40m,01:55,4.3,764,35 Seats available
Kullu to Chandigarh,https://www.redbus.in/bus-tickets/kullu-to-chandigarh,Reo India Travels,Volvo A/C B11R Multi Axle Semi Sleeper (2+2),20:20,06h 25m,02:45,3.9,INR 400,29 Seats available
Kullu to Chandigarh,https://www.redbus.in/bus-tickets/kullu-to-chandigarh,Reo India Travels,Volvo A/C Semi Sleeper (2+2),20:20,06h 00m,02:20,3.9,INR 400,23 Seats available
Kullu to Chandigarh,https://www.redbus.in/bus-tickets/kullu-to-chandigarh,Zingbus Plus,Scania A/C Semi Sleeper (2+2),20:20,05h 00m,01:20,4.3,719,29 Seats available
Kullu to Chandigarh,https://www.redbus.in/bus-tickets/kullu-to-chandigarh,IntrCity SmartBus,Volvo A/C Semi Sleeper (2+2),20:25,05h 40m,02:05,4.4,INR 664,40 Seats available
Kullu to Chandigarh,https://www.redbus.in/bus-tickets/kullu-to-chandigarh,Zingbus Plus,Scania A/C Semi Sleeper (2+2),20:25,05h 20m,01:45,4.3,404,30 Seats available
Kullu to Chandigarh,https://www.redbus.in/bus-tickets/kullu-to-chandigarh,Malana Travels,Volvo 9600 Multi Axle Semi-Sleeper (2+2),20:50,06h 10m,03:00,4.3,617,38 Seats available
Kullu to Chandigarh,https://www.redbus.in/bus-tickets/kullu-to-chandigarh,FlixBus,A/C Seater (2+2),21:30,06h 00m,03:30,4.0,INR 217,35 Seats available
Kullu to Chandigarh,https://www.redbus.in/bus-tickets/kullu-to-chandigarh,Zingbus Plus,Volvo 9600 A/C Semi Sleeper (2+2),21:30,05h 10m,02:40,5.0,540,33 Seats available
Kullu to Chandigarh,https://www.redbus.in/bus-tickets/kullu-to-chandigarh,Laxmi holidays,Volvo 9600 A/C Semi Sleeper (2+2),21:45,05h 25m,03:10,4.3,INR 500,33 Seats available
Kullu to Chandigarh,https://www.redbus.in/bus-tickets/kullu-to-chandigarh,Zingbus Plus,Volvo 9600 A/C Semi Sleeper (2+2),21:50,05h 35m,03:25,4.3,473,31 Seats available
Kullu to Chandigarh,https://www.redbus.in/bus-tickets/kullu-to-chandigarh,Zingbus Plus,Scania A/C Semi Sleeper (2+2),21:55,04h 50m,02:45,4.3,791,29 Seats available
Kullu to Chandigarh,https://www.redbus.in/bus-tickets/kullu-to-chandigarh,Laxmi holidays,Volvo 9600 A/C Semi Sleeper (2+2),22:45,04h 45m,03:30,4.4,INR 500,40 Seats available
Kullu to Chandigarh,https://www.redbus.in/bus-tickets/kullu-to-chandigarh,City Land Travels,Volvo A/C Semi Sleeper (2+2),23:20,05h 40m,05:00,3.6,540,24 Seats available
Kullu to Chandigarh,https://www.redbus.in/bus-tickets/kullu-to-chandigarh,Himgiri Adventure Tour,Bharat Benz A/C Semi Sleeper (2+2),20:40,06h 50m,03:30,2.3,INR 599,27 Seats available
Kullu to Chandigarh,https://www.redbus.in/bus-tickets/kullu-to-chandigarh,Rao Travel Heights,Volvo A/C Semi Sleeper (2+2),19:45,05h 05m,00:50,4.0,INR 1649,41 Seats available
Kullu to Chandigarh,https://www.redbus.in/bus-tickets/kullu-to-chandigarh,SPEED BUS,Volvo A/C B11R Multi Axle Semi Sleeper (2+2),21:30,07h 00m,04:30,3.7,1756,49 Seats available
Kullu to Chandigarh,https://www.redbus.in/bus-tickets/kullu-to-chandigarh,SWAGATAM TOUR HOLIDAY,Volvo AC Seater (2+2),20:00,06h 01m,02:01,2.3,INR 2199,41 Seats available
Kullu to Chandigarh,https://www.redbus.in/bus-tickets/kullu-to-chandigarh,RAO TRAVELS INDIA PVT LTD.,Volvo AC Seater Pushback 2+2,20:30,08h 00m,04:30,2.4,INR 1700,40 Seats available
Kullu to Chandigarh,https://www.redbus.in/bus-tickets/kullu-to-chandigarh,Snow Line Holidays Manali,A/C Seater (2+2),20:45,08h 00m,04:45,0,INR 3000,45 Seats available
Kullu to Chandigarh,https://www.redbus.in/bus-tickets/kullu-to-chandigarh,ROYAL SAFARI INDIA TRAVELS,Bharat Benz A/C Semi Sleeper (2+2),21:30,07h 30m,05:00,0,1619,29 Seats available
Delhi to Kangra,https://www.redbus.in/bus-tickets/delhi-to-kangra,HRTC - 569,Himmani Deluxe 2+2 Non AC Seater,21:22,11h 08m,08:30,3.4,INR 709,27 Seats available
Delhi to Kangra,https://www.redbus.in/bus-tickets/delhi-to-kangra,HRTC - 577,A/C Executive (2+3),21:40,10h 50m,08:30,3.8,INR 750,44 Seats available
Delhi to Kangra,https://www.redbus.in/bus-tickets/delhi-to-kangra,HRTC - 575,A/C Executive (2+3),21:59,11h 17m,09:16,4.4,INR 780,41 Seats available
Delhi to Kangra,https://www.redbus.in/bus-tickets/delhi-to-kangra,HRTC - 582,Ordinary 3+2 Non AC Seater,23:05,11h 47m,10:52,3.8,INR 630,37 Seats available
Delhi to Kangra,https://www.redbus.in/bus-tickets/delhi-to-kangra,HRTC - 581,Ordinary 3+2 Non AC Seater,23:30,11h 30m,11:00,3.8,INR 660,23 Seats available
Delhi to Kangra,https://www.redbus.in/bus-tickets/delhi-to-kangra,Ram Dalal Holidays,Volvo 9600 Multi Axle Semi-Sleeper (2+2),20:50,10h 15m,07:05,4.9,INR 650,21 Seats available
Delhi to Kangra,https://www.redbus.in/bus-tickets/delhi-to-kangra,Bedi Travels,Volvo 9600 Multi Axle Semi-Sleeper (2+2),20:30,10h 15m,06:45,4.8,630,17 Seats available
Delhi to Kangra,https://www.redbus.in/bus-tickets/delhi-to-kangra,Laxmi holidays,Volvo 9600 A/C Semi Sleeper (2+2),22:00,10h 30m,08:30,4.7,INR 599,25 Seats available
Delhi to Kangra,https://www.redbus.in/bus-tickets/delhi-to-kangra,Laxmi holidays,Volvo Multi-Axle A/C Semi Sleeper (2+2),20:00,10h 25m,06:25,4.6,INR 650,20 Seats available
Delhi to Kangra,https://www.redbus.in/bus-tickets/delhi-to-kangra,Laxmi holidays,Volvo 9600 A/C Semi Sleeper (2+2),21:00,09h 30m,06:30,4.7,INR 500,21 Seats available
Delhi to Kangra,https://www.redbus.in/bus-tickets/delhi-to-kangra,Zingbus Plus,Volvo Multi-Axle A/C Semisleeper (2+2),22:05,09h 35m,07:40,4.3,486,24 Seats available
Delhi to Kangra,https://www.redbus.in/bus-tickets/delhi-to-kangra,FlixBus,A/C Seater (2+2),20:20,10h 25m,06:45,4.0,INR 500,22 Seats available
Delhi to Kangra,https://www.redbus.in/bus-tickets/delhi-to-kangra,Bedi Travels,Volvo A/C Semi Sleeper (2+2 ),21:15,10h 15m,07:30,4.7,585,10 Seats available
Delhi to Kangra,https://www.redbus.in/bus-tickets/delhi-to-kangra,Zingbus Plus,Volvo A/C Semi Sleeper (2+2),20:05,09h 15m,05:20,4.7,513,9 Seats available
Delhi to Kangra,https://www.redbus.in/bus-tickets/delhi-to-kangra,New Himalaya Travels,Volvo A/C Semi Sleeper (2+2),20:00,09h 10m,05:10,4.8,INR 630,5 Seats available
Delhi to Kangra,https://www.redbus.in/bus-tickets/delhi-to-kangra,Laxmi holidays,Volvo A/C Semi Sleeper (2+2),20:00,10h 30m,06:30,4.5,INR 699,7 Seats available
Delhi to Kangra,https://www.redbus.in/bus-tickets/delhi-to-kangra,New Himalaya Travels,Volvo A/C Semi Sleeper (2+2),20:20,08h 55m,05:15,3.7,INR 500,20 Seats available
Delhi to Kangra,https://www.redbus.in/bus-tickets/delhi-to-kangra,Bharmani Travels,Volvo A/C Semi Sleeper (2+2),21:15,08h 00m,05:15,3.8,600,36 Seats available
Delhi to Kangra,https://www.redbus.in/bus-tickets/delhi-to-kangra,Ram Dalal Holidays,Volvo A/C Semi Sleeper (2+2),20:00,09h 30m,05:30,3.9,INR 750,5 Seats available
Delhi to Kangra,https://www.redbus.in/bus-tickets/delhi-to-kangra,City Land Travels,Volvo A/C Semi Sleeper (2+2),19:55,09h 15m,05:10,2.1,540,12 Seats available
Delhi to Kangra,https://www.redbus.in/bus-tickets/delhi-to-kangra,PAL Travel Lines,Bharat Benz A/C Semi Sleeper (2+2),21:05,10h 00m,07:05,2.9,1619,16 Seats available
Delhi to Kangra,https://www.redbus.in/bus-tickets/delhi-to-kangra,Asian's Shina Tour & Travels (Swoyambhu Manjushree Yatayat P. LTD),NON A/C Semi Sleeper (2+2),20:00,09h 30m,05:30,2.4,INR 999,23 Seats available
Delhi to Kangra,https://www.redbus.in/bus-tickets/delhi-to-kangra,Northern Travels,Volvo A/C Semi Sleeper (2+2),20:00,11h 00m,07:00,2.1,INR 600,8 Seats available
Delhi to Kangra,https://www.redbus.in/bus-tickets/delhi-to-kangra,Asian's Shina Tour & Travels (Swoyambhu Manjushree Yatayat P. LTD),A/C Semi Sleeper (2+2),20:00,09h 30m,05:30,2.4,INR 999,1 Seat available
Palampur to Chandigarh,https://www.redbus.in/bus-tickets/palampur-to-chandigarh,HRTC - 1116,A/C Executive (2+3),21:35,06h 30m,04:05,3.2,INR 510,34 Seats available
Palampur to Chandigarh,https://www.redbus.in/bus-tickets/palampur-to-chandigarh,Laxmi holidays,Volvo A/C Semi Sleeper (2+2),20:50,06h 30m,03:20,4.5,INR 549,12 Seats available
Palampur to Chandigarh,https://www.redbus.in/bus-tickets/palampur-to-chandigarh,Bharmani Travels,Volvo A/C Semi Sleeper (2+2),21:10,05h 20m,02:30,4.2,600,10 Seats available
Chandigarh to Kangra,https://www.redbus.in/bus-tickets/chandigarh-to-kangra,HRTC - 91,Himsuta AC Seater Volvo/Scania 2+2,22:10,05h 55m,04:05,3.9,INR 655,27 Seats available
Chandigarh to Kangra,https://www.redbus.in/bus-tickets/chandigarh-to-kangra,Laxmi holidays,Volvo 9600 A/C Semi Sleeper (2+2),23:55,05h 15m,05:10,4.7,INR 599,12 Seats available
Chandigarh to Kangra,https://www.redbus.in/bus-tickets/chandigarh-to-kangra,Laxmi holidays,Scania Multi-Axle AC Semi Sleeper (2+2),23:55,05h 15m,05:10,4.5,INR 599,5 Seats available
Chandigarh to Kangra,https://www.redbus.in/bus-tickets/chandigarh-to-kangra,Asian's Shina Tour & Travels (Swoyambhu Manjushree Yatayat P. LTD),NON A/C Semi Sleeper (2+2),23:55,05h 35m,05:30,2.4,INR 999,29 Seats available
Delhi to Nalagarh,https://www.redbus.in/bus-tickets/delhi-to-nalagarh,HRTC - 568,Ordinary 3+2 Non AC Seater,21:30,09h 45m,07:15,2.5,INR 332,38 Seats available
Delhi to Nalagarh,https://www.redbus.in/bus-tickets/delhi-to-nalagarh,HRTC - 580,Ordinary 3+2 Non AC Seater,22:45,07h 15m,06:00,4.6,INR 332,34 Seats available
Delhi to Nalagarh,https://www.redbus.in/bus-tickets/delhi-to-nalagarh,HRTC - 576,Himsuta AC Seater Volvo/Scania 2+2,23:20,06h 40m,06:00,4.0,INR 632,27 Seats available
Kangra to Delhi,https://www.redbus.in/bus-tickets/kangra-to-delhi,HRTC - 905,Ordinary 3+2 Non AC Seater,21:00,10h 45m,07:45,3.7,INR 650,37 Seats available
Kangra to Delhi,https://www.redbus.in/bus-tickets/kangra-to-delhi,HRTC - 1152,Ordinary 3+2 Non AC Seater,21:30,10h 40m,08:10,3.9,INR 630,30 Seats available
Kangra to Delhi,https://www.redbus.in/bus-tickets/kangra-to-delhi,HRTC - 1103,A/C Executive (2+3),21:55,09h 35m,07:30,3.8,INR 750,42 Seats available
Kangra to Delhi,https://www.redbus.in/bus-tickets/kangra-to-delhi,HRTC - 1116,A/C Executive (2+3),22:35,10h 25m,09:00,4.3,INR 780,34 Seats available
Kangra to Delhi,https://www.redbus.in/bus-tickets/kangra-to-delhi,Bedi Travels,Volvo 9600 Multi Axle Semi-Sleeper (2+2),19:45,09h 45m,05:30,4.9,630,11 Seats available
Kangra to Delhi,https://www.redbus.in/bus-tickets/kangra-to-delhi,Ram Dalal Holidays,Volvo 9600 A/C Semi Sleeper (2+2),20:20,09h 25m,05:45,4.8,INR 580,4 Seats available
Kangra to Delhi,https://www.redbus.in/bus-tickets/kangra-to-delhi,Ram Dalal Holidays,Volvo 9600 Multi Axle Semi-Sleeper (2+2),21:10,09h 20m,06:30,4.8,INR 550,24 Seats available
Kangra to Delhi,https://www.redbus.in/bus-tickets/kangra-to-delhi,AdCity Land Travels,Volvo A/C Semi Sleeper (2+2),20:40,09h 20m,06:00,4.1,540,20 Seats available
Kangra to Delhi,https://www.redbus.in/bus-tickets/kangra-to-delhi,Laxmi holidays,Volvo 9600 A/C Semi Sleeper (2+2),22:30,10h 00m,08:30,4.8,INR 599,20 Seats available
Kangra to Delhi,https://www.redbus.in/bus-tickets/kangra-to-delhi,Laxmi holidays,Volvo Multi-Axle A/C Semi Sleeper (2+2),20:45,09h 35m,06:20,4.7,INR 550,26 Seats available
Kangra to Delhi,https://www.redbus.in/bus-tickets/kangra-to-delhi,Bedi Travels,Volvo A/C Semi Sleeper (2+2 ),22:15,09h 15m,07:30,4.8,630,11 Seats available
Kangra to Delhi,https://www.redbus.in/bus-tickets/kangra-to-delhi,Ram Dalal Holidays,Volvo A/C Semi Sleeper (2+2),20:30,09h 00m,05:30,4.7,INR 700,15 Seats available
Kangra to Delhi,https://www.redbus.in/bus-tickets/kangra-to-delhi,Bedi Travels,Volvo 9600 A/C Semi Sleeper (2+2),20:30,09h 30m,06:00,4.8,630,6 Seats available
Kangra to Delhi,https://www.redbus.in/bus-tickets/kangra-to-delhi,Zingbus Plus,Volvo A/C Semi Sleeper (2+2),20:10,08h 55m,05:05,4.6,412,20 Seats available
Kangra to Delhi,https://www.redbus.in/bus-tickets/kangra-to-delhi,Laxmi holidays,Volvo A/C Semi Sleeper (2+2),22:00,09h 30m,07:30,4.6,INR 649,11 Seats available
Kangra to Delhi,https://www.redbus.in/bus-tickets/kangra-to-delhi,Laxmi holidays,Scania Multi-Axle AC Semi Sleeper (2+2),20:30,09h 30m,06:00,4.5,INR 599,14 Seats available
Kangra to Delhi,https://www.redbus.in/bus-tickets/kangra-to-delhi,New Himalaya Travels,Volvo A/C Semi Sleeper (2+2),20:10,10h 10m,06:20,4.6,INR 500,21 Seats available
Kangra to Delhi,https://www.redbus.in/bus-tickets/kangra-to-delhi,Zingbus Plus,Volvo Multi-Axle A/C Semisleeper (2+2),22:15,08h 50m,07:05,4.5,413,25 Seats available
Kangra to Delhi,https://www.redbus.in/bus-tickets/kangra-to-delhi,New Himalaya Travels,Volvo A/C Semi Sleeper (2+2),20:45,09h 30m,06:15,4.5,INR 600,12 Seats available
Kangra to Delhi,https://www.redbus.in/bus-tickets/kangra-to-delhi,Triptara tour & Travel,Scania Multi-Axle AC Semi Sleeper (2+2),21:28,09h 27m,06:55,4.5,INR 500,16 Seats available
Kangra to Delhi,https://www.redbus.in/bus-tickets/kangra-to-delhi,Bharmani Travels,Volvo A/C Semi Sleeper (2+2),22:00,08h 30m,06:30,3.9,600,12 Seats available
Kangra to Delhi,https://www.redbus.in/bus-tickets/kangra-to-delhi,Northern Travels,Volvo A/C Semi Sleeper (2+2),19:45,09h 30m,05:15,2.5,INR 539,14 Seats available
Ghumarwin to Delhi,https://www.redbus.in/bus-tickets/ghumarwin-to-delhi,HRTC - 78,Himsuta AC Seater Volvo/Scania 2+2,21:15,07h 45m,05:00,4.5,INR 892,30 Seats available
Ghumarwin to Delhi,https://www.redbus.in/bus-tickets/ghumarwin-to-delhi,HRTC - 15,Himsuta AC Seater Volvo/Scania 2+2,21:25,07h 05m,04:30,3.7,INR 856,5 Seats available
